id,spoiler
0,"When you think about your good friends, many things come to mind: how bland life would be without them, how they make you laugh and smile when you need it, and how they are there to support you in any situation"
1,Why you SHOULD be selfish at workWe're always being encouraged to help others before we help ourselves. And in the workplace putting your needs before those of your colleagues is often seen as selfish behaviour. But new research says being selfless at work can backfire
2,Meditating inside a beautiful stock-photo room filled with plants is just one health benefit not available to poor people
3,Braconid
4,Cured egg yolks are delicious—but strong
5,John Williams music
6,T
7,working
8,The Queen’s cousin
9,Saving
10,"The Annoying Question No Mom Wants to Hear When She Goes on VacationLast month, I left my three children for almost two full weeks to travel across Nicaragua with my stepmother and sister. The trip was full of surprises: lizards in our suitcase, a couple days on islands with no Wi-Fi (and no English), and days spent doing yoga on the beach to round it all out. But what was perhaps the most baffling part of the whole thing was the one question I was asked again and again from fellow moms: ""Who is watching your kids?"""
11,authenticity
12,Celia Cruz
13,Many expected the appointment of Jose Mourinho to pump the brakes on any talk of David De Gea heading to Real Madrid this summer
14,"The protagonist of ""Malibu,"" the third short story in Ottessa Moshfegh’s new collection, spends his time making up job applications so he can continue to receive unemployment benefits and try to coax money out of his aging uncle, who has a colostomy bag and does little but eat fatty meals in front of daytime TV"
15,$117 billion
16,Hayao Miyazaki's Spirited Away gave me nightmares worse than after watching The Exorcist
17,"This month, Art Basel Global Director Marc Spiegler joins CNN Style as guest editor"
18,Get an education
19,New York
20,Michael Sam
21,drunk
22,"Recently, the new trend in e-commerce is Entertainment Shopping, auction sites selling high-tech and luxury products from stocks clearances, directly from the warehouses of distributors and manufacturers, with incredible discounts"
23,yellow
24,helping to raise awareness about a very important issue
25,Comic-Con
26,"A fter the funeral of Columbus, Ohio SWAT Officer Steven Smith, nine police officers who were in attendance went to grab some food at the Red Robin in Ohio"
27,"Most Americans think climate change, and more frequent and severe natural disasters are linked, according to a new HuffPost/YouGov poll that also finds most think human activity is at least partially responsible for the changing climate"
28,"With more than 95 percent of precincts reporting, Donald Trump carried a 140,000 vote lead in Florida"
29,"The firm is about to give about 100 people between $1,500 and $2,000 every month to spend on whatever they please"
30,"In a year that has brought us national conversations about working women, leaning in and whether or not the patriarchy is in fact ""dead,"" you might expect that all this talk signaled a real improvement for gender equality in the United States"
31,You know you’re in trouble when you get this look from your dog
32,"L ast year, ast year, Tesco’s food waste mountain amounted to 59,400 tonnes"
33,"Considering how popular Nintendo’s little blast from the past is likely to be, this is a pretty important question"
34,"College affordability has recently become the preeminent issue in higher education, as student-debt figures have hit staggering levels"
35,"When we go to the gym, we listen to Nick Jonas"
36,If you’re reading this in bed after a lie-in don’t worry
37,Austin
38,"An expert on Lou Gehrig's disease explains what we know about this debilitating condition and how Hawking has beaten the odds Editor’s Note: Renowned theoretical physicist Stephen Hawking died on March 14, 2018, at age 76"
39,blue
40,"The disruptive effects of artificial light on sleep are well documented, and have received an increasing amount of attention in recent years -- with good reason"
41,there is fresh beer on the red planet's surface
42,P
43,it
44,Five raccoons
45,Popular country singer's tour bus strikes and kills pedestrianCountry crooner Jason Aldean
46,Don’t cross JK Rowling
47,It's hard to look at BuzzFeed without being reminded of your mortality
48,Russell Wilson is just about one of the most humble people you could ever meet
49,So we started doing the school supply shopping this week
50,"August 8, 2016 | 1:22pm The former Vanderbilt quarterback is set to appear on the SEC Network as a college football analyst this season, and an ESPN executive says Rodgers earned the role on his talent alone"
51,"Keeping DLC mostly free has Keeping DLC mostly free has worked well for big developers like CD Projekt with The Witcher 3 , who can garner reams of publicity from players used to being nickled-and-dimed to death by other big-budget releases"
52,"One of the most consistent criticisms of Mad Men from those who aren't Mad Men fans is that — sniffs derisively — it's only beloved by the coastal media elite, because it's about rich white people who live glamorous lives and work in advertising"
53,"High fat, low fat, no carb, more carb: when it comes to getting information on eating to manage high blood cholesterol, confusion reigns"
54,Pennsylvania
55,"As of January 29th, just on the shores around the North Sea, sperm whales were found stranded in the shallow area that is not meant for marine wildlife"
56,"New data reveals who's likely to get married more than onceGood news for romantics: The divorce rate may be dismal, but remarriage is on the rise. According to new findings from the Pew Research center, 40 percent of marriages involve one spouse who's been married before. In 20 percent of new marriages, both spouses have previously said ""I do."""
57,"""I don't watch the news, because it's too depressing"
58,"We already know parrots are really good at mimicking human speech and other sounds around the home, but the parrot in the video below has a talent that you would definitely not expect"
59,Miley Cyrus
60,"Before you go, we thought you'd like these"
61,Pokémon Go Cheat: How to Get Unlimited Lucky Eggs & Incense Image: www
62,disgusting
63,"""Empire"" star Jussie Smollett opened up about his sexuality for the first time in an intimate interview with Ellen DeGeneres"
64,If Mr. Trump can’t reunify Republican-leaning voters
65,You're at the gate
66,"(ANTIMEDIA) Wilmington, DE — As it turns out, Hillary Clinton and Donald Trump share something pertinent in common, after all — a tax haven cozily nested inside the United States"
67,Kevin Hart
68,"If you have Amazon Prime, you officially no longer need your roommate's mom's neighbor's HBO Go password to finish your ""Sopranos"" binge-fest"
69,"$25,000 per month"
70,Questions over supply remain and there is no doubt ’s new iPhones are already proving immensely popular
71,"Being a boy didn’t feel right, either: ""I had a couple months where I gave it a go"
72,"In the summer of 1996 after my sophomore year of college, I started an internship at a nonprofit technology association in downtown Washington, D"
73,Our experts reveal the most spectacular museums to see around the world
74,A dietitian
75,"It is 20 years since Bolivia's chaotic San Pedro Prison became a tourist attraction, a place where backpackers stayed for weeks and partied with inmates"
76,"The dwarf planet Makemake, discovered in 2005, is cold, dark and remote"
77,"3 Cities That Are Reportedly Being Considered For GTA 6 With the existence of GTA 6 promoting more mystery and rumours than any other game out there at the moment, there is one thing that remains at the core of gamers and fans minds when thinking about a new installment"
78,Snapchat
79,Mexico City
80,MS Dhoni
81,"The one thing any teen doesn’t want to have happen to them is rapid, unexplained weight gain"
82,Preferred haircuts for men are constantly evolving
83,@JulieChen reveals painful secretJulie Chen revealed on Wednesday that she had plastic surgery
84,Meryl Streep's Shock Plans to Marry Co-star Robert Redford! Shape Magazine - Meryl Streep and Robert Redford shock the world with plans of getting married after years of keeping their relationship a secret
85,"Beast-Mode Benefits The name ""metabolic conditioning"" comes from these workouts’ supposed ability to engage the body’s three metabolic systems (phosphagen, glycolysis, and The name ""metabolic conditioning"" comes from these workouts’ supposed ability to engage the body’s three metabolic systems (phosphagen, glycolysis, and aerobic ), improving how your body stores and uses energy"
86,Katy Perry
87,The Netherlands
88,"This Woman's Response To People Who Shamed Her Engagement Photos Is Too PerfectMzznaki Tetteh is a nurse from Accra, Ghana. She recently got enagaged to her boyfriend, Kojo Amoah, a construction worker.  Last week, Tetteh shared an engagement shoot on her Instagram. They're due to get married on June 25.  During the shoot, Tetteh and Amoah posed for a photo with him lifting her up.  The photo and shoot overall attracted a lot of positive comments from social media users.  However, some people saw it as a chance to body-shame Tetteh"
89,"EA ""Absolutely Rejected"" Battlefield 1’s World War 1 Setting Before This Made It Change Its Minds Image: Battlefield"
90,A photograph of a doormat glued to two pieces of foam
91,My boyfriend of four years has had three strong culinary influences in my life: He opened me up to the pure joy from allowing yourself to snack on My boyfriend of four years has had three strong culinary influences in my life: He opened me up to the pure joy from allowing yourself to snack on Cool Ranch Doritos (they're engineered to be perfect; I now accept-and revel in-that)
92,Some successful people always knew what they wanted to do and had a plan
93,unexpected
94,wants to make America great again
95,The British are coming
96,adoption of modern lifestyles
97,vocal opinion
98,It is an expensive bet on a state that has almost always voted red. But there’s a simple reason behind what seems like a gamble
99,"THE MORNING PLUM: Believe it or not, Donald Trump has now made a very important policy statement"
100,Asians
101,"In this June 15, 2015 file photo, Andrew House, president and global CEO of Sony Computer Entertainment Inc"
102,"A new survey says that, not taking into account sleeping time, Thai people spend the majority of their waking hours being completely sedentary"
103,"Xbox One's Terraria Facing This ""Serious Issue""A new update for the A new update for the Xbox One version of Terraria has caused a ""serious issue"" that makes the game's online multiplayer unplayable"
104,raw apple and raw lettuce
105,"It is not uncommon to hear about somebody being stung by a bee or a wasp of some sort, as such type of insects and little bugs are very common in the outdoors"
106,"When it comes to dining in Rome, there's a pasta dish to avoid—unless you know the one place to try it"
107,Simply giving an energy drink a sniff should be all you need to be convinced that the stuff is not good for you
108,"Name: Delores Curtis Age: 59 Height: 5'5"" Before Weight: 350 pounds How I Gained It: Eating what I wanted and as much as I wanted and having no desire to exercise"
109,"Fire authorities in Western Australia say no properties were lost during a bushfire around the town of Gwindinup south-east of Bunbury, which has now been contained"
110,"Here’s What Happens When You Give $1,000 to Someone in Extreme Poverty Margaret Osuma Oshien from Siaya, Kenya — A person who received just under $1,000 cash unconditionally from GiveDirectly"
111,"the police get smarter, so the criminals get nastier"
112,Chicken tikka masala is undoubtedly delicious
113,"The One Thing Morgan Freeman Still Thinks Is Terrible About The Shawshank Redemption By Dirk Libbey Appearing on Shawshank Redemption was a great film as soon as he read the script, and that he was willing to play any role just to be in it, but if there was one thing he could have changed about it, it was the title page"
114,Shamus Beaglehole Wins 2014 Name of the Year Contest
115,"A new high-tech, controversial law enforcement procedure has some people worried it threatens the privacy of our DNA CBS News correspondent Anne Marie Green writes about how she came across this story, and the Angie Dodge murder investigation, which she reported for ""48 Hours"" in ""The DNA of a Killer"
116,West
117,He Places Colored Water in Bread Pans Outside During a Snowstorm
118,"I n the Superman comics there is a character called Bizarro, a twisted, villainous inversion of the iconic hero"
119,"Attention, burger fans"
120,"Harold Cunningham/Getty Images Investing in government debt used to be a boring, pretty straightforward proposition"
121,"Read more over at NBC News, which also has what it claims to be people scrambling to get their hands on the 29-cent washcloths"
122,A representative at J
123,One former union boss has a bold idea on how to ensure economic stability in the U
124,the
125,Andrew Kaczynski/BuzzFeed News ID: 9717250 Donald Trump made an appearance in an explicit 2000 Playboy video
126,Have you Ever Wondered What the Purpose of the Small Pocket in Your Jeans Is? In almost every pair of jeans there is that little pocket in the front - but no one seems to know why it is there
127,The sea is dark and full of terror
128,"Peter Dinklage’s voice-over work in the upcoming shooter game ""Destiny"" has not been well received"
129,you
130,A huge change that’s been months in the making is officially taking place today at
131,online gaming
132,Howard has been told he resembles the infamous dictator
133,fewer than half of all participants correctly identified the logo
134,"© Rick Bowmer/AP Ammon Bundy, center, one of the sons of Nevada rancher Cliven Bundy, arrives for a news conference at Malheur National Wildlife Refuge on Jan"
135,"Man, this sucks"
136,"It seems like the strategy of learning from personal mistakes doesn’t apply to Hollywood, which is really a shame"
137,A snowshoer who fell and was stuck in a B
138,used condoms being discarded under beds and women flashing the porter instead of giving a tip
139,Salman Khan and Shah Rukh Khan are on good terms these days
140,José José
141,"What would it cost to avoid a climate disaster that would affect poor countries the most? For the United States, the bill comes to $634 billion owed to developing nations"
142,Let's be honest: 2016 was rough
143,"How will humans look 10,000-100,000 years from now? originally appeared on Quora: the knowledge sharing network where compelling questions are answered by people with unique insights"
144,"Coming to rescue to a 24-week pregnant woman facing danger to her life due to an abnormality in the foetus, the Supreme Court on Monday granted her permission to terminate her pregnancy"
145,"it’s probably time to panic"". I’d disagree. For those concerned about the prospect of a Trump victory"
146,It
147,"Mussoorie may be a picturesque town of Himachal Pradesh but like many places in the country, it too grapples with severe water crisis"
148,she had a house close-by
149,June 17
150,"What Daniel Radcliffe thinks of the ""Harry Potter"" spinoffThere's little doubt that if Daniel Radcliffe were a rock musician, his current press tour for ""Kill Your Darlings"" would have a title like ""The Moving On Tour '13"" or ""Harry In The Rearview Mirror."" Yes, Daniel Radcliffe is no longer Harry Potter -- as a recent New York Times Magazine profile deftly illustrated -- but what's interesting about Radcliffe (great, even) is that he's not anti-Harry Potter"
151,The Rock
152,Jackson Vroman
153,seven
154,Researchers from the Massachusetts Institute of Technology (MIT) have developed a prototype imaging system that’s able to read pages of a book without opening it
155,"behavior on set has become notoriously difficult, and a scathing article by Kim Masters for The Hollywood Reporter rounded up a number of industry insiders who are getting fed up with the star once known fondly as Dr. Izzie Stevens. Heigl's behavior has sparked some sour reactions in the past. Most notably, the actress publicly knocked her two biggest successes, calling ""Knocked Up"" sexist and announcing she would not seek an Emmy for her role in ""Grey's Anatomy,"" because the writing wasn't up to her standards"
156,"Whether it’s a jolt after a cup of coffee or drowsiness after Thanksgiving dinner, most people have personally experienced how food and drinks can affect their energy and alertness"
157,He’s the one who speaks in illusionist duo Penn & Teller
158,Makeup is designed to make women look and feel their best - but a poor application technique could end up doing the opposite
159,Taran Killam and Jay Pharoah
160,Idaho
161,Will S
162,Katrina Henry
163,low IQs
164,77
165,There’s an old saying in neuroscience: neurons that fire together wire together
166,"What would happen if the Olympics banned Russia?Imagine the most stereotypically Russian way an Olympic doping scandal could play out. Are you thinking sketchy FSB agents? Passing urine samples back and forth through a hole in a wall ... hidden behind a cabinet in a laboratory? And everything kinda sorta maybe ties back to Putin? Because then you’d be absolutely right. This morning, the Court of Arbitration for Sport made a ruling on Russia’s cartoonish state-sponsored skullduggery, which has been going on since 2010: It upheld the International Association of Athletic Federations’ ban on Russian track and field athletes in the Rio Olympics, whether there’s hard evidence they were juicing or not. The International Olympics Committee is still making up its mind about that ban, but it’s also still possible it will ban the country altogether—a decision that would affect not just the medal counts in Rio, but the state of international athletics. Marcus Noland, executive vice president and director of studies at the Peterson Institute for International Economics, builds models that forecast medal counts based on past performance, population, GDP, and other variables. In London, the Russians won four to 16 more medals than his models predicted—meaning their wins were probably inflated by doping. And his numbers have been borne out: The Olympic committee has since reallocated 11 Russian medals from the London games. If the Russians competed in Rio cleanly (or, as Noland says, ""no dirtier than average""), his models suggest they’re good for 66 or 67 medals. So how many more would he expect if doping went on unchecked? If they managed to nab 11 extra medals in London, when their doping program was still relatively new, you can bet they could get at least that number and then some. Noland figures the Russians would have come away with about 80 medals. If the IOC does ban Russia, that’s enough medals to throw any Olympic predictions seriously out of whack"
167,a penis
168,Don't touch her bump
169,J
170,"By now, most people are familiar with the airport security routine"
171,Laws that maintain the legal drinking age at 21 save lives on the road
172,"Starting July 1st, adults in Oregon will be able to legally possess and consume marijuana"
173,"Craig and Mary Romney may have been in the political eye for a while, but today we're focusing on the duo's incredible eye for design"
174,amb
175,"""Dumb and Dumber To"" made a smart move in adding A-lister Jennifer Lawrence to its roster, as the ever-busy actress reportedly filmed a cameo for the sequel"
176,"E very year as parents all around the country get their kids ready for the first day of school, sometimes we take for granted the opportunity to have photographs ranging through all the years as they grow up"
177,a crash of CS:GO’s skin market
178,Lisa Ludwinski of Detroit’s Sister Pie amps up canned pumpkin with a variety of winter squash and a layer of tahini
179,"The Dillinger Escape Plan have returned to Reading Festival for the first time after vocalist Greg Puciato took a dump onstage and hurled his excrement into the crowd during the band's 2002 performance at the event, all because of Puddle of Mudd"
180,strawberry rhubarb
181,paper bag
182,"It is the age-old method for cooking Brussels sprouts, handed down the generations and put into practice at least once a year"
183,"I've been drowning myself these days by drinking tons of water to help keep my skin hydrated, but it just isn't enough"
184,Jimmy Smits
185,Can Linux ever beat Windows at PC gaming? Windows has long been the undisputed king of computer operating systems when it comes to gaming
186,A recent and deeply-sinister guide for men on how to talk to women wearing headphones has outraged many
187,"Justin Bieber continues to be one of the worlds biggest twats, in fact he’s such landmark wanker I’m surprised Nintendo haven’t made him a Pokéstop yet"
188,"Making video games is many things, but easy isn’t one of them"
189,on the shoulder
190,played outside with her friends
191,"There is already a substantial list of Republicans who would rather stay home on Election Day, or even vote for Hillary Clinton, than cast their ballot for Donald Trump"
192,"If you see this guy on a dating site, run a mile"
193,Adele has to give this up to save her voice Hello singer has to make a tragic sacrifice for her music ADELE has had to give up one of life's greatest inventions in order for her voice to thrive
194,JT managed to swat away the woman
195,the extra pinch to the pocket
196,Colorado
197,"Here come initial jobless claims...Initial jobless claims unexpectedly fell. Claims, which count the number of people who applied for unemployment insurance for the first time since the past week, fell to 234,000"
198,It simply couldn't make enough toys to satiate demand in North America
199,"Steven Spielberg promises one big thing for Indiana Jones 5 With the 73-year-old Harrison Ford signed up for Lucasfilm‘s Indiana Jones 5, many fans are wondering/worried that director Steven Spielberg plans to have the same fate of Han Solo in The Force Awakens befall our favorite globe-trotting archaeologist"
200,New generation e-passport featuring enhanced security features such as bio-metric details may soon be rolled out by the government
201,1
202,"After years of playing Roger Sterling on AMC’s ""Mad Men,"" John Slattery is comfortable with a drink in his hand"
203,"Buying a used car comes with some risks: Despite all the inspections and certifications, you’re forever a little curious about what the car went through before you put the key in the ignition for the first time"
204,climbed almost imperceptibly out of the driver’s window
205,"A 35-year-old man from Bhiwandi who used his four-wheeler to ferry school children, has been arrested for allegedly raping two minor girls for the last six months, police said today"
206,A talented Irish rower has died after falling in a freak accident just hours after winning a bronze medal at the World University Championships in Poland
207,"You Can Be Mentally Stronger If You Do This Small Act Every DayAs humans, we tend to set goals throughout our entire lives and dedicate most of our time trying to achieve them. That gives us purpose and motivation to strive forward. Yet, it can have detrimental consequences to our mental health, activating stress indicators that come as a byproduct of pushing ourselves too hard towards massive goals. As psychologist Karl Weick suggests in his article ""Small Wins,"" we should make it an everyday practice to focus our attention towards the positive by counting each small win we make. By taking the Alcoholics Anonymous as an example, he suggests that the principle works due to the change in perspective. Instead of focusing on overwhelming and complex goals, participants are encouraged to choose small, achievable daily actions: The impossibility of lifetime abstinence is scaled down to the more workable task of not taking a drink for the next 24 hours, drastically reducing the size of a win necessary to maintain sobriety. By celebrating these small, daily wins, participants feel more confident and motivated to achieve the same satisfactory feeling the next day"
208,Chicago
209,"""I am here today to talk about a lie"
210,Read Mother Jones reporter Shane Bauer's firsthand account of his four months spent working as a guard at a corporate-run prison in Louisiana
211,french fry
212,"In February 1990, thanks to a 15-year-old boy named Bruno Kowalsczewski, footsteps echoed through the chambers of Bruniquel Cave for the first time in tens of thousands of years"
213,she got distracted by her own ‘erotic thoughts
214,Sarah Gailey serves as a shining example of why men should always listen to their girlfriends
215,because
216,"We've seen the future of fast food and it's full of secretive cooking, utensils popping out of walls and a whole lot of quinoa"
217,"The Marvel Cinematic Universe, or (MCU) is a shared fictional universe focused on a series of superhero films that are based on characters that appear in Marvel Comics"
218,"GTA V Player Uncovered A New Never-Before-Found Secret In-Game By dialing the secret phone number 1-999-367-3767, you’re automatically connected to ""Black Cellphones"" and soon after an explosion is triggered (for reasons best known to the creators)"
219,colleges
220,devoutly religious
221,divorcing
222,A new law banning animal euthanasia is set to take force in Taiwan
223,"Police arrested four women in North Carolina for allegedly spraying anti-Trump, anti-police, and ""Black Lives Matter"" graffiti on several businesses and a police car"
224,The
225,"almost $37,000"
226,"It was definitely ""Feeling This"
227,Kim Kardashian stepped out in leggings Tuesday for a Pilates class in Los Angeles
228,New Overwatch Hero Announced And It’s Not Who You Expected Overwatch fans will be excited to hear that a new hero has just been announced to join the roster and help in the fight for saving the world
229,"A day after LeBron James called him a ""hater"" and dug up some of his personal history, TNT analyst Charles Barkley says he stands by his criticism of the Cleveland Cavaliers' star player"
230,"While hundreds of thousands have shown their love and support for the victims of the Orlando massacre, the local coroner’s office just did their own act of support in a way only they could"
231,pears
232,Blake McIver
233,Gutfeld on What We Learned in the 'Year of Trump' Anthony Bourdain Slams Fellow 'Privileged Eastern Liberals' for Rise of Trump Rye Good-Bye: Famed Carnegie Deli Closes Its Doors After Nearly 80 Years With a new year comes new laws on the books
234,Paul Li
235,On Tuesday (Dec
236,"Adele was performing her track ‘Million Years Ago’ during a concert in Lisbon, Portugal on Thursday night when she accidentally started singing the chorus lyrics instead of the first verse"
237,A gay teenager from California has been hailed a feminist hero after her high school yearbook quote has gone viral
238,It was Lola's turn to sit on Santa's lap
239,"Head’s up ""The Newsroom"" fans, this one might sting a bit"
240,"If you're going for an interview at one of the world’s top tech companies, you need to know your stuff"
241,the vote has exposed polarization
242,"This is the difference between a job and a callingI’ve learned that work is most fulfilling when it’s a calling. And often, it’s a calling because you find a deep sense of purpose and positive impact"
243,a 60-year-old woman sitting alone in her car reading a book
244,Emperor Palpatine's granddaughter
245,"In her late 20s, Lisa Brown had it all—the 5'10"" former model married her college sweetheart, had attended grad school, and loved to cook gourmet meals and take spins in a classic Mustang convertible"
246,donate to the ALS Association
247,to
248,everyone suddenly going dotty over them
249,This week security forces of the Palestinian Islamist movement Hamas have arrested dozens of Gaza residents for participating in protests against cuts to the electricity supply
250,trees do relax their branches at night
251,"Across the pond, there is Donald Trump, the Republican presidential nominee who has been roundly criticized for calling for a ban on all Muslims entering the United States"
252,"This week, Taser filed a pair of lawsuits claiming that the body cameras of competitor Vievu are defective"
253,(SPOT
254,Tech savvy
255,Cop met little girl in 1998; now she's done thisA retired police officer who carried a young girl to safety
256,tab
257,"For 20 years, Bruce Lubin and his wife Jeanne have been collecting tips and hints to save time, money, and make everyday tasks easier"
258,Are Student Athletes More Likely to Commit Sexual Assault? An investigation found that Baylor University had mishandled sexual assault accusations against its football players
259,"Just, you know, in case you're wondering"
260,Now that Trump has won the GOP nomination
261,She Boiled Watermelon Seeds For A Reason I’d Never Heard Of
262,Ben Bernanke
263,Jordan Klepper
264,"Earlier this month we saw thousands of people across get their hands on the the latest Online ID protection from SaferWeb, after yet another increase in identity theft and web-history monitoring"
265,"Until now you thought that your love for marijuana was the reason for your munchies, but you’ll never guess what else can actually give you the munchies"
266,Feb. 24
267,In very small amounts
268,handling their money
269,The first hint of trouble came just a week after I had knee replacement surgery
270,a Game 7 for the ages
271,Illustration credit: Sam Woolley Let’s get this out of the way: Pokémon Go is meant for walking
272,a drink coaster
273,It’s safe to say we can all get swept up in a frenzy of what would make the perfect Christmas gift for our loved ones
274,Minnesota
275,Best
276,"Every blue-eyed person on the planet is descended from a single European who lived around 6,000 to 10,000 years ago, and who first developed a specific mutation that accounts for the now widespread iris coloration"
277,"Dawn Grace lost her son four years ago, and now she meets the man who received his heart in a transplant"
278,This story was originally published on Jun
279,"The fascinating tradition that sets baseball apartThere are several competing theories as to why, in the middle of the seventh inning, every baseball game comes to a stop so everyone can stretch, sing a really old song and take a breather. But for more than a century, the seventh inning stretch has been one of baseball's most cherished moments, exemplifying the humor, sportsmanship and love of tradition"
280,"Whether you think rice is a friend or foe to your diet, there's one thing we can all agree on: It's delicious"
281,catch your own prey
282,If You See This In A Public Washroom LEAVE Immediately And Call 911
283,"Want to vacation like a celeb? Casa Elizabeth, the Palm Springs villa once owned by Elizabeth Taylor, is now available for rent by model-turned-mogul Kathy Ireland"
284,Fred Johnson is effusive
285,racial profiling
286,"Men, however, just reach behind their neck and yank their shirt off, much less gracefully"
287,Observ
288,next spring
289,"BOSTON -- When Aaron Judge was last a normal-sized human being, at about 9 or 10 years old, the player who made him run to his television was Barry Bonds"
290,"The city with the lowest relative cost of living in the world is Thiruvananthapuram, India"
291,"We all know it is not easy to avoid the unhealthy stuff, but which food is hardest of all? Iulian Valentin/Shutterstock If processed foods are addictive, scientists have argued, it should be possible to create an addictiveness scale to find the crack cocaine among common meals"
292,"© Provided by Investopedia Retiring abroad certainly has its benefits, such as less costly healthcare, a refreshing change of scenery and a lower cost of living"
293,"Studies link insufficient sleep to some pretty scary consequences, including an increased risk of stroke, heart disease, diabetes, obesity and even some cancers"
294,There were many plot twists and updates
295,"Miley Cyrus may have stripped down to her unmentionables for the music video to her latest single, ""Adore You,"" but now the track is getting exposed in an entirely different way: with an acoustic version"
296,morality
297,"Today is publication day for TV (THE BOOK): Two Experts Pick the Greatest American Shows of All Time, the anthology where Matt Zoller Seitz and I rank the top 100 American sitcoms and dramas ever, and write essays about them, and a whole lot of other things (movies, miniseries, current shows, shows that weren't top 100-worthy but were sentimental favorites in some way, etc"
298,"This chain will give you free burgers for life, but on one conditionMr Burger offering free burgers if you change your last name"
299,"Hot dogs are probably the most popular fast-food ever, as they have over 7 billion consumers in the world"
300,"These days, our knowledge of celebrities too often originates with paparazzi images and snarky quotes by anonymous ""insiders"
301,"Chris Pratt, who added all kinds of muscle to his frame to play Star-Lord in ""Guardians of the Galaxy,"" continues to be the best"
302,"Stress plays a big role in our daily lives, and according to careers website CareerCast, some jobs create more anxiety than others"
303,"You, like most people, probably want to avoid psychopaths"
304,You may not even be aware
305,"1,080"
306,Google
307,"You might be familiar with the notion that eating foods that are high in calories along with a lack of physical activity causes an imbalance in metabolism, which leads to obesity"
308,Intrepid
309,There's an ideal window for taking sh*ts you guys
310,"The black students at University of California, Los Angeles, sent a strong message about diversity at their school"
311,"Once, when she was in about the first grade, she even found a snake"
312,Battlefield 1 might have a hilarious new game mode that sounds crazy Image: www
313,"The third trailer of the much-awaited movie, Baywatch, was recently released by Dwayne Johnson and there's a lot of Priyanka Chopra in it"
314,February 24
315,seven hours
316,"By watching the trailer for ""G.B.F."""
317,Like Pokémon Go? Like Dogs? Live in Indiana? Then get in touch with Muncie Animal Shelter because they want you to take their dogs for a walk while you’re out capturing Meowths and Rattatas
318,Donald Trump disagrees with Ted Cruz on the use of waterboarding
319,Paul Ryan: Trump Will Have the Funding to Build Border Wall
320,"July 1, 2016 | Nick Bernabe (ANTIWAR) Thirteen years of wars in the Middle East, since the illegal and criminal invasion of Iraq by the United States and Britain in 2003, have killed way over a million people; destroyed Iraq, Syria, Yemen, and Libya, and created millions of refugees"
321,Lawrence Phillips
322,A winner has been announced for the World Interior of the Year award
323,Nick Johnson
324,groceries
325,David Amster-Olszewski has a distinctive perspective on the future of energy
326,"It's possible, but rare"
327,Colin Quinn
328,"Facebook Messenger weaves chatbots with friends ""Facebook is a bit like that big dog galloping toward you in the park,"" said the late New York Times journalist David Carr, bemoaning the influence the social media giant has had on publishers’ distribution—and, in turn, monetization"
329,"On Christmas Day 2015, a farmer was out on his land and found what he thought looked like a fossil"
330,"It may feel like it’s too early to even talk about holiday shopping, but in reality, two out of five millennial shoppers have already started buying presents for the holiday season"
331,Few myths are more common than the idea of collecting as an investment
332,"(AP) – The evacuation of civilians and opposition fighters from eastern Aleppo have been suspended after rebels opened fire on a convoy at one of the crossing points of the rebel-held enclave, according to Syrian state TV"
333,"In the country of Scotland, a farmer came across a stone one day that looked like it had been purposely placed there"
334,"It's a crop of Olympians, retired sportsmen and reality TV stars Despite making a name for itself as one of the most dangerous reality shows in TV history, producers of Channel 4's The Jump have managed to secure a fresh load of celebrities in time for its new series"
335,The Surprising Thing You Never Have To Do In Watch Dogs 2 By Dirk Libbey There's a lot to do inside the San Francisco of Watch Dogs 2
336,If Elliott
337,"Well, I guess it was good while it lasted, but apparently all things must come to an end; or quite possibly just a revamped beginning"
338,"""America's Next Top Model"" winner Whitney Thompson is back in the spotlight! The plus-size stunner is shilling sexy lingerie for Britain's Panache Lingerie's new Sculptresse line, a fun, flattering collection offered in cup sizes ranging from D to J and band sizes ranging from 36 to 46"
339,irreversible damage to the environment
340,"Any similarity to actual persons, living or dead, or actual events, is purely coincidental."""
341,For some utterly bizarre reason
342,water
343,"Hanks, a two-time Best Actor winner and five-time nominee, is at his very best"
344,June 7th 2016 6
345,"You get a lot of advice about what you absolutely, positively must have in your car"
346,"It’s not too often a large company like Chick-fil-A gets involved in a controversial topic, but they have thrown themselves right smack in the middle of the Black Lives Matter movement with a statement that has millions of people talking across the country"
347,JUAN A
348,Couple Waited 9 Years to Unwrap Wedding Gift That Read 'Do Not Open Until 1st Disagreement' Kathy and Brandon Gunn on their wedding day Kathy Gunn News Feed app-facebook Love What Matters about 2 weeks ago
349,You probably have a wallet full of credit cards with chips at this point
350,"Melissa McCarthy's Elle cover, part of the magazine's Women in Hollywood cover series, features a striking gray winter coat, a voluminous woolen piece by Marina Rinaldi with a dramatic cut"
351,there is nothing to worry about from a health perspective
352,the
353,"Now it's no secret that there are a slew of unusual ways to whiten teeth, but the pearly-white-yielding concoction that this Desi blogger, Farah Dhukai, uses is slightly less jarring and just as effective for a whiter smile within minutes"
354,It
355,Applying for a part-time job when you’re a teenager is pretty stressful
356,Chris Crocker
357,"Men are more likely to have a heart attack after a snowfall, and it's probably from the exertion of shoveling snow, Canadian researchers reported Monday"
358,"There’s something about seeing a little newborn preciously posed with clothing, keepsakes, or other familial props that really makes their announcement into the world a celebration"
359,"You'll never believe what Selena Gomez orders at McDonaldsShare Tweet Selena Gomez has said in the past that her trainer encourages her to eat super healthy on tour – even removing most of the junk food from Sel's diet on the REVIVAL tour! However, that doesn't mean the ""Good For You"" singer never has a cheat day. Selena recently hung out with James Corden singing and dancing for his ever popular segment Carpool Karaoke on The Late Late Show and the pair made a quick stop at McDonalds! So what did she order?? A number 7 with medium fries and a Coke"
360,"Minnesota will consider passing legislation to legalize the medical use of marijuana, but police agencies are standing in the way"
361,"The Catholic High Schools for Boys in Little Rock, Arkansas, deserves a raucous round of applause, because its educators clearly known the meaning of The Catholic High Schools for Boys in Little Rock, Arkansas, deserves a raucous round of applause, because its educators clearly known the meaning of personal responsibility and achievement"
362,There's no denying that Super Smash Bros 4 on the 3DS is a great game
363,"Two women asked another woman for directions, hugged her, and ended up stealing her jewelry in a move straight out of a Jonathan Swift tale"
364,Cecily Strong
365,You like the best of things but you can easily compromise
366,WASHINGTON -- Arizona lawmakers are pushing to provide elected officials with more privacy as they draft legislation because they say the state's requirements for open meetings make it too difficult for them to do their jobs
367,airline greed
368,where
369,"The first time they went to check on a stray dog named Norah, the folks at Take Me Home Pet Rescue feared she’d be dead"
370,Here’s Sony’s Response To Microsoft’s Invite to Connect Xbox One and PS4 Networks Microsoft finally announced cross-network play for Xbox One
371,‘Batman v Superman’ (Warner Bros
372,post-micturition convulsion syndrome
373,Flickr Panic panic panic panic panic
374,"At some point toward the end of every job interview, the hiring manager will likely turn the tables and ask, ""Do you have any questions for me?"" This is the time to ask smart, thoughtful questions — perhaps your final opportunity to assess whether the job would be a good fit, and your final chance to impress the hiring manager"
375,"""Dumb British blond fucks 15 million people at once."""
376,"As TMZ first reported, the 73-year-old wrestling icon spoke at length about his sexuality for the first time publicly in a clip from the reality series, ""Legends' House"
377,"bullshitting."" Zakaria said, ""I think the president is somewhat indifferent to things that are true or false. He has spent his whole life bullshitting. He has succeeded by bullshitting"
378,diversity
379,Florida may be just the fourth most populous state in the U
380,Hagrid couldn't produce a Patronus
381,Perhaps the most shocking result so far is in Missouri
382,"If you’re a non-scientist, you might have once asked yourself, propped against the bedhead after disappointingly quick intercourse, how long does sex ""normally"" last? A scientist, though, would phrase the same question in an almost comically obscure way: What is the mean intravaginal ejaculation latency time? I know there’s a lot more to sex than putting the penis into the vagina and ejaculating, but the rest is not always easy to define (kissing? Rubbing? Grinding?)"
383,Some Twitter users are joking about President Donald Trump's mental state again
384,"In the classic 1966 science fiction film, Fantastic Voyage , a submarine is shrunk to microscopic size and injected into the blood stream of a scientist to remove a blood clot in his brain"
385,Some festivals are about music some are about food or culture some are about just blowing off some steam built up at work or while studying
386,Colonel Sanders' nephew recently revealed what he claims is the secret recipe for KFC chicken
387,I was sitting around the fire pit in my backyard with a handful of straight male friends when drunken conversation inevitably turned to sex
388,"their strange dating preferences, to some questionable business practices, to Mary-Kate's still-unexplained connection to the death of Heath Ledger, the Olsen twins have led bizarre lives since leaving the TGIF lineup. Though they've found massive success in an entirely separate business — the fashion world, and they've also become increasingly reclusive. And they don't smile. But we're getting ahead of ourselves here. There's a lot to unpack when it comes to the mysterious world of the Olsen twins, so let's dive right in and find out just how peculiar Mary-Kate and Ashley's lives have become. Banking on bad movies"
389,"With 721 to catch, Pokémon fans are bound to come across one or two that are just a bit, well, shit"
390,"Sure, she was married eight times, but there’s no denying that Elizabeth Taylor was a woman who knew how to live and love"
391,"One of the largest newspapers in all of Texas, which One of the largest newspapers in all of Texas, which previously endorsed Republican presidential nominee Mitt Romney, has now officially endorsed Democratic presidential nominee Hillary Clinton"
392,Dan Bell
393,China is transitioning too early
394,chewed on some plants
395,"Instead of encountering a mound of dirty towels and sheets, a cleaner was met with a stack of cash when she walked into a hotel room"
396,A Republican elector in Texas says he will not formally vote for Donald Trump for president when members of the Electoral College meet on Dec
397,Rachel Crawley
398,"On 16 October 2016, WikiLeaks posted a series of cryptic numeric tweets, leading many onlookers to conclude that founder Julian Assange was in danger and likely dead (and thus a dead man’s switch had been activated): pre-commitment 1: John Kerry 4bb96075acadc3d80b5ac872874c3037a386f4f595fe99e687439aabd0219809 — WikiLeaks (@wikileaks) October 16, 2016 pre-commitment 2: Ecuador eae5c9b064ed649ba468f0800abf8b56ae5cfe355b93b1ce90a1b92a48a9ab72 — WikiLeaks (@wikileaks) October 16, 2016 pre-commitment 3: UK FCO f33a6de5c627e3270ed3e02f62cd0c857467a780cf6123d2172d80d02a072f74 — WikiLeaks (@wikileaks) October 16, 2016 The appearance of the tweeted sequences of digits led to rampant rumors Assange had been threatened, a circumstance that activated a protocol for Assange’s safety that was reported in 2010:"
399,Richard Belzer
