id,spoiler
0,"He has balloons and a sign in hand that reads, ""Heard urine need of a kidney, want mine?"""
1,Helping others will lead to 'generosity burnout' and can damage your career
2,Have a Bunch of Money
3,Braconid
4,"2. Separate 4 egg yolks, saving the whites for another use. Carefully place each egg yolk on top of the salt-sugar mixture, and gently sprinkle the yolks with the rest of the salt-sugar mixture. (This photo shows the eggs before they were completely covered. You want them to be totally submerged in the salt-sugar mixture.) Cover the baking dish with plastic wrap and refrigerate it for 4 days."
5,"selections from Williams' ""Star Wars"" scores, including such gems as the recognizable ""Main Title,"" ""The Imperial March,"" ""Princess Leia's Theme"" and HuffPost Entertainment's personal favorite, ""The Throne Room/End Title (Medley)."""
6,"5. Tell yourself a story. 3. Let your bed exclusively be for sleeping. 2. Create the perfect ambience before you head over to sleep. 4. Read or listen to something 1. Take a long, warm shower with sweet-smelling essential oils"
7,"Flynn the dog does a lot to help out his 17-year-old human, Hailey Ashmore: He can open and close doors, fetch her parents and, most importantly, alert her to oncoming seizures."
8,Lord Ivar Mountbatten
9,putting away too much
10,"Last month, I left my three children for almost two full weeks to travel across Nicaragua with my stepmother and sister. The trip was full of surprises: lizards in our suitcase, a couple days on islands with no Wi-Fi (and no English), and days spent doing yoga on the beach to round it all out. But what was perhaps the most baffling part of the whole thing was the one question I was asked again and again from fellow moms: ""Who is watching your kids?"""
11,"So what separates strong social media interactions from disastrous ones? According to Crowley, the key is authenticity."
12,Celia Cruz
13,"""People talk a lot and they know little,"" De Gea said in quotes appearing in Marca."
14,"In a story called ""The Beach Boy,"" a man’s wife dies suddenly after their 29th anniversary celebration on a tropical island. The protagonist of ""Malibu,"" 'Homesick For Another World' When he goes to a meet-up he’s planned with a strange woman, he shoves his hand down her throat Homesick for Another World"
15,$117 billion
16,"She wanted to know why the Chihiro's parents turned into pigs, what was in their food, and how she managed to pass her final exam. In the letter Studio Ghibli explained that the swine transformation represented the greed that took place during Japan's bubble economy of the 80s."
17,Planned obsolescence
18,4. Put a lid on fees 5. Use a Roth IRA or a Roth 401(k) 3. Take that risk through index funds 1. Get an education 2. Say hello to risk
19,New York
20,Michael Sam
21,"Police in western Sweden initially thought a man whose car was stuck in the snow was Danish, but after a while they realized he was slurring his words because he was drunk."
22,Step 1: Create an account on Swoggi and get your free credits. Use the following voucher code to get 50 free credits!
23,longline yellow raincoat
24,"On the website, people can donate to sexual abuse trauma and recovery prevention. For this reason, The Polished Man Project is very worthy of attention and admiration."
25,"Gender matters not when you're rocking the Force like you are, baby! #FantasticallyForcefulFemme #JoltinJediJessica."
26,"Their server that day was a mother named Jessica Dunbar, whose father is a retired police officer. She could tell there was sadness in the air. Something was ""off."" So, she asked them if they had had a rough day. ""It’s always a rough day when you’ve gotta put a brother in the ground."" That’s when she realized the men had just left Officer Smith’s funeral."
27,"The poll finds that 28 percent of Americans think Typhoon Haiyan specifically was caused by climate change. Another 32 percent said it was not, and 41 percent said they weren't sure. Although scientists can't say with certainty whether a specific storm was caused by climate change, rising sea levels make storm surges from hurricanes and typhoons potentially more deadly in coastal areas, contributing to increased destruction."
28,"Donald Trump’s stunning win in Florida was a microcosm of what unfolded nationwide on Tuesday: Despite losing big to Hillary Clinton in diverse, urban areas of south Florida, Trump dominated in every other corner of the state and outperformed past Republican candidates with older, white and blue collar voters."
29,"Universal Basic Income UBI is viewed by some as a means to provide workers with economic stability as an increasing amount of the world’s labor is automated People are starting to think there are more cost effective, less paternalistic, hands-on ways to help."" UBI. tool to redistribute wealth to the poor and provide a means to improve people’s quality of life"
30,5. Philippines
31,"You know you’re in trouble when you get this look from your dog. After being left for an appointment at the vet, this owner is coming back to pick up their dog...and their dog let’s them know exactly how he feels about having been left at the vet. In short: he is giving his owner some seriously relentless side-eye. Watch the hilarious video below to see one unamused puppy."
32,Dave Lewis
33,"The answer, of course, is to pre-order one, or maybe more than one considering how hot these are going to be. Unfortunately, the NES Classic Edition is not available for pre-order just yet."
34,textbooks
35,"he belts out a few of his favorite Broadway tunes. ""I pretty much do all of Les Mis as a one-man show"
36,If you’re reading this in bed after a lie-in don’t worry. Laziness might not be a terrible trait after all.
37,Austin
38,"It's probably a little bit of both. I just know him from television, so I don't know what kind of interventions he's had. If he really isn't on a ventilator, then it's his biology—it's the biology of his form of the neurodegenerative disease that determines how long he will live. For trouble swallowing you can elect to have a feeding tube placed, which basically takes malnutrition and dehydration off the table. But mostly it's about the biology of the disease."
39,YInMn blue
40,Blue Light
41,"It is a form of apophenia, when people see patterns in random, unconnected data."
42,Parenthood
43,"It turns out the combination of heat and humidity allow bacteria to grow faster and smells to travel further. Increasing temps mean molecules move faster, resulting in enzymes speeding up metabolism and cells quickly increasing in size. Heat is bacteria’s best friend."
44,"He didn't really look like like his family members—or like any raccoon James had ever seen! This trashmonger was an albino raccoon, an incredibly rare specimen according to the Indiana Division of Fish and Wildlife. How rare, exactly?"
45,Jason Aldean
46,"""Harry pocketed it"" was the exact phrase in the book. It turns out this phrase was particularly hard to say, with Fry accidentally saying ""Harry pocketeded it"" every time except for when speaking very slowly."
47,"1,448.7 days to do everything that BuzzFeed says you need to do before you die. That's 207 weeks Eating fish and chips 30 minutes In order to accomplish all of the tasks most effectively, you would need to travel the world places to see, books to read, urinals to pee in"
48,"That’s a great question. ""I’m Gonna Be Ready"" by Yolanda Adams . That’s probably my go-to song. Before a game, I’m always listening to gospel music. I’m just so grateful on game day. I don’t try to be all amped up. I try to be calm as can be and just grateful that I can play the game. It’s a special, special day, those days."
49,"I’m not going to buy just the one extra box of tissues because (let’s all be honest here) I can afford more than that. And *gasp* what if someone other than my precious Timmy uses them? Well, then, haven’t I done a good deed for the year for less than the cost of a coffee?"
50,"The former Vanderbilt quarterback is set to appear on the SEC Network as a college football analyst this season, and an ESPN executive says Rodgers earned the role on his talent alone."
51,"Thea: The Awakening ""The cost of development of this DLC ended up being around 90,000 euro,"" didn’t up sales enough to justify tearing off the price tag. It’s more of a glorified donate button that grants players some snazzy cards This one added multiplayer, and they decided to release it close to the Steam Summer Sale, to drum up additional interest."
52,1) Readers wanted to read about it
53,"4. Use olive oil 1. Eat legumes 3. Eat nuts 5. Avoid junk food 2. Eat plant sterols, margarines and spreads"
54,At least in Pennsylvania. The state legislature there recently extended its 6 percent sales tax to digital downloads and subscription services like Netflix and Hulu.
55,many of the stranded whales stomachs were actually filled to the brim with plastic debris
56,baby boomers
57,"Louise the infant koala Amber Galloway Gallego Taylor Anderton and Michael Cox When Michael partnered Taylor at the 16th Gold Coast Debutante Ball for Disability — a squeaking, wet, grey bundle of fur found on the ground after the east coast storms"
58,"Kili the Senegal parrot has somehow managed to become a master at ""playing dead."" We’ve all seen dogs do this trick really well, but this is the first time I’ve ever seen a parrot do it. In all fairness, Kili has been practicing this move for about half a year know, and his owner says she’s only gotten better over time."
59,Miley Cyrus
60,"A teacher by the name of Mrs. Thom at Bucklebury Primary School gave the stress-managing worksheet to her year 6 class, as they are preparing for their SATs (Standard Attainment Tests) this month."
61,"Step 4: Once the automatic setting is turned off, roll back the time in the device by around 25 minutes. Make sure you don’t set back the time by more than 30 minutes. Doing this will increase the amount of time your Lucky Egg or Incense has before running out."
62,handwashing
63,Jussie Smollett
64,"The other day, New York Times polling analyst Nate Cohn laid down a useful marker for gauging whether the conditions are taking shape for Hillary Clinton to crush Donald Trump in a landslide. Cohn noted that the GOP nominee is viewed as fundamentally unfit for the job by an unusually large percentage of Republican voters, perhaps creating unique complications in the quest to unify them."
65,The takeaway here: Don't post pictures of your boarding pass on social media.
66,"""famous for helping tens of thousands of companies avoid hundreds of millions of dollars in tax."" This brick-and-mortar, nondescript two-story building in Wilmington, Delaware would be awfully crowded if its registered occupants — 285,000 companies — actually resided there. What’s come to be known as the ""Delaware loophole"" — the unassuming building at 1209 North Orange Street — has become, as the Guardian described"
67,Kevin Hart
68,A Ton Of Old HBO Shows
69,"$25,000 per month"
70,Apple has ditched its premium sapphire glass
71,University of Vermont Outright Vermont collection of Angel Cards University of Vermont boy
72,Take advantage of company-sponsored training opportunities Be humble and willing to learn from any task Doors open based on who you know Dress for the job you want Be respectful of others’ time
73,3. Guggenheim 2. Metropolitan Museum of Arts 4. The Whitney Museum of American Art 1. Museum of Modern Art 5. Musée du Louvre
74,"Vegan athletes, like the bodybuilder Kenneth Williams, below, also may require supplements of B12, a vitamin found only in meat, and possibly of calcium, she said, especially if they are young and growing. Interestingly, football players sometimes shy away from vegan diets, because it is hard to consume enough plant-based calories to add bulk. So you, your son and his coach might wish to consider whether he wants to be the most willowy player on the field and adjust his diet accordingly."
75,"It is 20 years since Bolivia's chaotic San Pedro Prison became a tourist attraction, a place where backpackers stayed for weeks and partied with inmates."
76,a moon
77,Chicago Tokyo London Tokyo Tokyo
78,"The cosmetics company has revealed that they'll be teasing their collaboration on Snapchat, the photo- and video-sharing app that deletes photos mere seconds after a recipient views them"
79,Mexico City
80,MS Dhoni
81,4 mm tumor in her brain her metabolism slowing down The tumor was on her pituitary gland eat less calories rash on her face. She decided to do some private research.
82,mullet
83,"Julie Chen revealed on Wednesday that she had plastic surgery years ago to make her eyes look ""bigger"" and advance her career."
84,Meryl Streep's Shock Plans to Marry Co-star Robert Redford!
85,"But is the hype legit? According to Lawson, there are tons of benefits to metcon workouts, including improved fat loss, increased calorie burn compared to steady-state workouts, muscular strength gains, and improved cardiovascular function. And one 2012 study in the journal Applied Physiology, Nutrition and Metabolism found that HIIT workouts boost metabolism better than cardio alone."
86,Katy Perry
87,Netherlands
88,"Mzznaki Tetteh The caption reads:  Still confident...your rubbish comments ain't ruining my happiness...thanks to all for the compliments and best wishes...am honoured ""that's just me."" In response, Tetteh continued posting photos to her account, along with perfect messages for her critics. People shared the photo on Twitter, making jokes about Tetteh's body and her fiancé, and commented on her original post."
89,World War I
90,"When the packages arrived, Emily ripped them open to unearth... A photograph of a doormat glued to two pieces of foam... Oh dear."
91,2. IT OVERPOWERS EVERYTHING IT TOUCHES 1. A SINGLE TABLESPOON HAS MORE SUGAR THAN A CHOCOLATE CHIP COOKIE 3. THAT GLOPPY TEXTURE IS FOUL 5. I CAN NEVER ESCAPE IT. 4. THE SMELL.
92,Kat Cole Steve Jobs Les Moonves Richard Branson Sumner Redstone
93,"The 1937 Bugatti Type 57S was found in the garage, amid piles of medical machinery, 1,500 beer steins, thousands of receipts and even a World War II spy drone."
94,President Obama’s Kenyan half-brother wants to make America great again — so he’s voting for Donald Trump.
95,Peter Pilotto
96,"Some of the reasons that doctors have stated for this problem is irregular working hours and work stress in the IT, media industry and BPOs. Apparently, constant use of Android or iPhone affects sperm count as they have higher emission rate. Environmental pollution also to some extent contributes to low sperm count. The food you eat and your sleeping patterns have also found to affect the quality of sperms and eggs these days. Moreover, men who smoke cigarettes regularly are at an increased risk of infertility says, Dr. Ved Prakash."
97,"""Jennifer Lawrence: not very talented!"""
98,"It is an expensive bet on a state that has almost always voted red. But there’s a simple reason behind what seems like a gamble: Nebraska allocates its electoral college votes not in the usual winner-take-all method, but by congressional district. So a Republican candidate can win in the state, but a Democratic candidate can still pick up electoral votes by winning over a district."
99,"Believe it or not, Donald Trump has now made a very important policy statement. Introducing what he billed as an ""energy plan,"" Trump promised to ""cancel the Paris Climate Plan."" Unlike so much of what comes from Trump on policy, this is a genuinely clarifying moment, with potentially enormous long-term implications."
100,1. Adventurous Christmas: Chile 2. Premium Christmas: Switzerland 3. Christmas in Santa's home: Finland 4. Christmas-at-sea: Genting Dream 5. Break the bank Christmas: The Maldives
101,"___ SECOND WIND NEW REALITY ""Gears of War 4"" is centered on the son of the series' hulking star Marcus Fenix. ""Battlefield 1"" will ditch the military shooter series' modern-day conflicts for an epic World War I setting ""Watch Dogs 2"" is swapping Chicago for San Francisco."
102,"A new survey says that, not taking into account sleeping time, Thai people spend the majority of their waking hours being completely sedentary."
103,"A new update for the A new update for the Xbox One version of Terraria has caused a ""serious issue"" that makes the game's online multiplayer unplayable."
104,raw apple and raw lettuce
105,"One man from Tampa, Florida, was out gardening on a seemingly normal day when he did not notice a wasp nest hidden beneath some plants in his front lawn."
106,fettuccine Alfredo
107,"Dion Parratt is one such former addict, who used to knock back five cans of the stuff per day at the hight of her obsession. Dion says her former addiction has led to a serious heart condition, and also attributes her two miscarriages to the drinks."
108,"Delores Curtis started going to the gym Eating what I wanted and as much as I wanted and having no desire to exercise My meals consisted of baked chicken, fish and vegetables. Shopping for clothes was pure hell for me"
109,Fire authorities in Western Australia say no properties were lost during a bushfire around the town of Gwindinup south-east of Bunbury
110,"3.) Food — probably the saddest of expenditures, in my opinion, but a lot of people that we met were purchasing a few month’s worth of corn to feed their families. I see it as the saddest because such a basic need, that’s consumed and gone without perpetual benefits"
111,"""The logic of the drugs war only leads one way: the police get smarter, so the criminals get nastier; things can only ever go from bad to worse, from savagery to savagery,"" says Woods. Now, after having left the force, he is chairman of LEAP UK (Law Enforcement Against Prohibition), a pro-drug legalization activist group consisting of ex-law enforcement officials."
112,"Seagulls are what biologists called kleptoparasites , animals that rob the food of other species. And the birds can be damn cunning about it."
113,"Throughout his career, Morgan Freeman has been in a ton of incredible movies like Shawshank. In fact, his mere presence is enough to get most people excited about a movie, but did you know he was actually in one of the biggest flops of 2015? In fact, the movie made so little that almost no one even knows the film exists. Click over to the next page for the full story. As of this writing, The Shawshank Redemption is sitting atop the IMDB rankings of the most popular movies of all-time. The film is truly beloved today. However, that wasn’t always the case. While the film was critically praised upon its release, it was a commercial failure. Nobody saw it in the theaters, and most fans found it on home video or cable later. Morgan Freeman thinks that a large part of the reason the movie did so badly at first is because the title is awful.Appearing on Late Night With Seth Meyers , Morgan Freeman says he knew thatwas a great film as soon as he read the script, and that he was willing to play any role just to be in it, but if there was one thing he could have changed about it, it was the title page.While the original title of Stephen King’s novelladoesn’t do any better job telling you anything about what the movie actually is, Morgan Freeman has a point that at least that version has the name of a famous movie actress included, which is something people will recognize. Shawshank, the name of the prison where the film takes place, is a meaningless word by itself. Morgan Freeman jokes in the interview that many people would mispronounce the word, even while telling him how much they loved the movie.Hearing that the reason the title was shortened was so that it could fit on theater marquees is almost quaint. Today, few theaters still have marquees that you can see without standing in front of the ticket window, and the amount of space given to each title is such that even titles much shorter thanend up getting cut off. Morgan Freeman makes a good point, that by doing the title his way, the part that you see has Rita Hayworth’s name, which is something, although it’s possible the studio was afraid people would think the theater was showing old movies.While we’ll never know if the title change would have meant earlier financial success for The Shawshank Redemption we do know that the title they chose didn’t help. In the long run, however, fans find great movies and they eventually did find, making it one of the most popular films ever made. Continued On Next Page > Blended From Around The Web Comments Facebook"
114,Shamus Beaglehole
115,"After I hung up the phone, I started researching Angie Dodge’s murder and the case against Chris Tapp. I learned that authorities had never found Tapp’s DNA at the crime scene. Tapp was convicted and had at that point served nearly 20 years because of his own words, a confession he made to police. I was immediately struck by the fact that Michael Usry Jr. and Chris Tapp had found themselves in similar situations, 20 years apart. Both men said they knew nothing about the murder of Angie Dodge , both men had their DNA tested and both men did not match that of the killer, yet one man went to prison and the other man went home. That was the story I pitched to ""48 Hours"" executive producer Susan Zirinsky."
116,Wolverampton
117,"3. Using the snow as packing material to cement them together, he made this stunning colourful igloo."
118,"And yet it by no means and exaggeration to say that Unbreakable is the exact antithesis of Marvel and DC’s current output. For starters, it clocks in at 106 minutes and its cast barely extends beyond the four central actors. Nothing explodes, erupts or is shot at from beginning to end. There is no shouting. The film is shot and cut with a near-maddening degree of patience, its soundtrack almost noiseless for long spells, and it resorts to eye-catching CGI not once."
119,Ruby Tuesday (RT)
120,"The most mind-blowing example of this trend is Switzerland. Last week, yields on all of its government bonds, out to 50 years, turned negative. Investors are now expected to pay for the privilege of lending money to the Swiss for a half-century at a time. Other countries are getting nearly as good deals. Fifteen-year German and Japanese bond yields have also drifted below zero. Even economically wounded Spain can borrow for a few years at a time and theoretically make a profit. It's like a bad financial-world play on a Yakov Smirnoff joke: In Switzerland, lender pay you!"
121,Towels
122,J. Crew
123,"While the idea of a Universal Basic Income (UBI) is not necessarily a new one, Andy Stern believes his plan is important now because of ""tectonic shifts"" in the labor market that will see more and more workers replaced by robots."
124,Don explained that the lack of parents in the films is just an easy way to allow the main characters to grow up.
125,Trump’s role in the porn is relatively benign and centers around him breaking a bottle of champagne on a Playboy-branded limo while several of the playmates are visiting New York City
126,"3. But anyway - so why is there a small pocket in the front of the jeans and what is it for? According to a question and answer on Quora, the extra pocket was for a watch. In the 1800s cowboys would wear their watches on chains and Levi's created this small"
127,"Mark Watkins, a fisherman of 21 years, had clearly never seen anything like it. ""When we got closer we realized it had to be a dead whale because of the smell,"" he told the West Australian. ""Its stomach was full of gas so it was all bloated up."""
128,"""Destiny"""
129,"Speaking after Microsoft’s Build 2016 keynote address, Xbox head Phil Spencer told Gamespot he doesn’t believe in the piece by piece upgrading of systems, and you won’t be seeing that with the Xbox One."
130,"A huge change that’s been months in the making is officially taking place today at . The warehouse retailer’s 16-year partnership with has expired, and as of June 20 members who had Costco AmEx cards should switch over to the new Costco Visa Anywhere card."
131,"online gaming Ken Worrall Some time later, he was introduced to the Jouse Worrall began playing ""Diablo,"" and he was hooked. a mouth-operable mouse that made computer use accessible"
132,"""It is fun to play Kim Jong Un because it freaks people out. It freaks people out that they can't believe the dictator is in this part of the world. It is great being Kim Jong Un, but it is always nice to go back home and just be myself,"" he added."
133,"Only 1 participant out of 85 correctly recalled the Apple logo, and fewer than half of all participants correctly identified the logo,"""
134,Ammon Bundy
135,"Some staff members found her outside, and rushed her to the hospital. This photo was taken about 20 minutes after she was discovered, with her hands already exhibiting symptoms of frostbite."
136,"The movie industry seems to remain completely deaf to the constant criticism regarding The movie industry seems to remain completely deaf to the constant criticism regarding sexual objectification ageism , and its lack of diversity (not just racial, but gender diversity as well). The latter is largely connected to another phenomenon that – albeit prevalent for years – has been recently brought to the attention of the masses."
137,"A snowshoer who fell and was stuck in a B.C. tree well Snowshoer Who Fell Into Tree Well Survives After Hours Of CPR Christine ""Tink"" Newman four continuous hours 24"
138,"used condoms being discarded under beds and women flashing the porter instead of giving a tip wedding parties trashing their hotel rooms leaving used condoms on the bed and flashing instead of giving a tip guests who call staff to the room, and then make them wait outside while they get intimate forgetting to collect their children from the kids club because they were drunk"
139,"Bad language...ill thoughts...rude ideas...negative radical views...I don’t need. https://t.co/XPOTE6lz80 — Shah Rukh Khan (@iamsrk) July 11, 2016"
140,Jose Jose
141,$634 billion
142,"The unemployment rate in November fell to 4.6 percent Several women of color made political history last month when they were elected to prominent leadership positions within their respective states. California Attorney General Kamala Harris became the first black woman elected to the U.S. Senate from the Golden State; Ilhan Omar became the first Somali-American lawmaker in the U.S. with her election to the Minnesota legislature With 14 total world championship medals, 19-year-old Simon Biles arrived in Rio already a star."
143,"Thousands of genes have evolved recently (in the last 40,000 years). Changes we are seeing include smaller brains (more efficient, not dumber), resistance to diseases, increases in ADHD and blue eyes. Yes, blue eyes. Genetic analysis says the first blue-eyed human appeared 6,000-10,000 years ago somewhere in the Black Sea region. For whatever reason, the phenotype became very popular (conferring a 5% greater chance for reproduction) and today about half a billion blue-eyed folk exist."
144,"Coming to rescue to a 24-week pregnant woman facing danger to her life due to an abnormality in the foetus, the Supreme Court on Monday granted her permission to terminate her pregnancy."
145,"That gap might be narrow, but it has still led some (including a senior elections analyst at RCP) to conclude ""it’s probably time to panic"". I’d disagree. For those concerned about the prospect of a Trump victory, it’s been time to panic for a while – zooming out from a single statistic shows it."
146,"Wax inside a whale’s ear stores all sorts of useful information on the animal’s exposure to pollutants and stress levels throughout life, researchers have found."
147,replace all the larger vessels with those of smaller sizes bought two dozen small vessels pour water over the lingam with vessels made from copper of various sizes. The report says that at the start of the summer season Sanatan Dharma Mandir
148,"""No,"" she apparently replied, before pointing at the policeman and adding: ""But he has."" The group were still none the wiser and left without realising whose company they had just shared."
149,June 17
150,"There's little doubt that if Daniel Radcliffe were a rock musician, his current press tour for ""Kill Your Darlings"" would have a title like ""The Moving On Tour '13"" or ""Harry In The Rearview Mirror."" Yes, Daniel Radcliffe is no longer Harry Potter -- as a recent New York Times Magazine profile deftly illustrated -- but what's interesting about Radcliffe (great, even) is that he's not anti-Harry Potter."
151,The Rock
152,Jackson Vroman
153,5. Capitalism and Freedom by Milton Friedman 4. A Choice Not an Echo by Phyllis Schlafly 3. The Closing of the American Mind by Allan Bloom 2. The Road to Serfdom by F.A. Hayek 1. Ideas Have Consequences by Richard Weaver
154,Researchers from the Massachusetts Institute of Technology (MIT) have developed a prototype imaging system that’s able to read pages of a book without opening it.
155,"Katherine Heigl's behavior on set has become notoriously difficult, and a scathing article by Kim Masters for The Hollywood Reporter rounded up a number of industry insiders who are getting fed up with the star once known fondly as Dr. Izzie Stevens."
156,Nuts Tart Cherries and Tart Cherry Juice Kiwi Fatty Fish Malted Milk and Nighttime Milk
157,potatoes
158,"Stay away from pressed powders Stop using a heavy coverage foundation Avoid nude lipsticks Don't skip the moisturiser applying your foundation, blusher and concealer incorrectly"
159,Taran Killam
160,Idaho
161,"What has science concluded? Studies are showing that readers of fiction are more empathetic towards others. By engaging with a story, readers are temporarily placing themselves in a character’s shoes, therefore, the more stories you read, the more shoes you’ve tried on. It’s a fascinating insight into the world of reading."
162,"Though it’s difficult to watch, Henry says the video forces her to finally admit that she’s an addict."
163,"So if a rapper like Danny Brown wants to hop on the remix for SD’s ""New World Order"" (as he did), does that mean that Danny Brown has a low IQ? Or even, does SD have a low IQ for rapping repetitive and simplistic lyrics in a sub-genre of rap (drill) that almost depends on recycling lyrics/themes? The answer to both questions is no. Therefore, it doesn’t matter if someone’s favorite rapper is Kodak Black or Kendrick Lamar—it doesn’t in any way reflect someone’s intelligence."
164,"Ernestine Shepherd, 77"
165,"Imagine your brain is a garden, except instead of growing flowers, fruits, and vegetables, you grow synaptic connections between neurons. These are the connections that neurotransmitters like dopamine, seratonin, and others travel across."
166,"If the IOC does ban Russia, that’s enough medals to throw any Olympic predictions seriously out of whack. And many of the medals that might have otherwise gone to Russian athletes would likely go to competitors from the US, as they did at the 1984 Los Angeles Olympics that the Soviet Union boycotted: In the absence of the USSR, the US’s total medal count skyrocketed to 174, and fell to 94 when the Soviets returned to the Olympics in 1988. ""For the Olympic movement, it’s a huge deal,"" says David Wallechinsky, the President of the International Society of Olympic Historians. ""This isn’t Tonga or Paraguay, it’s one of three big medal winners."""
167,A hungry mum-of-one got a shock when the pork loin she defrosted looked just like a penis
168,4. Don't tell her she's getting bigger (and bigger) 5. Don't tell her she's not big enough 1. Don't touch her bump 3. Don't look shocked when you hear she's pregnant 2. Don't ask if she has chosen a name
169,being a single mom to daughter Jessica
170,"$765,759"
171,"Laws that maintain the legal drinking age at 21 save lives on the road, and protect young people from other hazards of drinking, according to a new review of studies."
172,Oregon
173,incredible slide that was once a staircase
174,ambassadorial capacity
175,"""Dumb and Dumber To"""
176,"Julie took a photo of where her daughter stood a year before, with her future ahead of her, only her daughter wasn’t there anymore. While it’s heartbreaking to realize what this mother must be going through, she somehow had the clarity of mind to write a thoughtful post about never taking things for granted and helping spread awareness of children’s cancer."
177,"Valve’s announcement went out via email just before 1 PM Pacific on June 13. I sampled a set of 20 arbitrary, higher-volume skins on the market, and found that they fell an average of 13.7% that evening. A Minimum Wear AWP BOOM skin, for example, dropped from $21.75 to $18.56 12 hours after the announcement."
178,cardamom cream
179,"The Dillinger Escape Plan have returned to Reading Festival for the first time after vocalist Greg Puciato took a dump onstage and hurled his excrement into the crowd during the band's 2002 performance at the event, all because of Puddle of Mudd."
180,strawberry rhubarb
181,a paper bag
182,"Matthew Rawson, chairman of the Brassica Growers Association, said: ""Boiling them was traditionally the way of doing it, but putting the cross in puts in too much water."
183,Sephora Instant Moisturizer
184,Jimmy Smits
185,"Evidently, Windows isn’t going anywhere, with a Steam market share of nearly 96% as of March 2016. In fact, Epic Games even recently called Microsoft out on trying to ""monopolize"" PC gaming with its Universal Windows Platform initiatives. Although Microsoft has lost sight of what PC gamers want in recent years (see: Games for Windows Live), there’s no doubt that the current Xbox head Phil Spencer wants to bring the company back to its roots, namely by integrating features (and games) from the Xbox One into Windows 10. In contrast, Valve’s attempts at making Linux not only the best place to play games from your Steam library, but actually the heart of your living room are tough to jive with. Despite making an effort with SteamOS, it doesn’t help that a number of companies still haven’t released their November 2015-bound Steam Machines after neglecting to comply with the operating system’s handicaps. There’s a clear winner here, and unless Linux rectifies its performance disparity, lack of natively supported control options and impoverished game library, the OS to beat for PC gaming will remain Windows 10. More at TechRadar"
186,"5. Then, do what we call ""Acknowledging the Awkwardness"" by quickly mentioning something about the awkwardness of the moment (see the conversation example below), to demonstrate you understand that approaching a woman in this way isn’t the most common of experiences for either party."
187,The highly controversial singer has been involved in a number of incidents but his most recent antics have to be among the most childish – rejecting a fans’s gift and calling it ‘shit’.
188,2. The Last Guardian 1. Half-Life 3 3. Final Fantasy XV 4. Kingdom Hearts 3 5. Beyond Good & Evil 2
189,"The grinning fool got a bit of a shock when the guard screamed ""Step back from the Queen's Guard!"" and thrust his rather-deadly gun complete with rather-pointy bayonet in his face."
190,New Jersey police are searching for two men who they say tried to abduct a 10-year-old girl as she played outside with her friends Saturday.
191,Laura Bush
192,Michael Brain
193,pizza
194,"E! Online reports that at Timberlake's 20/20 Experience World Tour on Tuesday a fan suddenly reached up from the audience and tried to grab a piece of the 33-year-old performer's glutes. Undeterred by the handsy fan, JT managed to swat away the woman -- while still keeping rhythm. The whole thing was so sudden that most of the crowd barely noticed."
195,"So is buying organic worth it? Depending on your priorities, it might be. Ultimately, many experts agree that eating a balanced diet, while remaining conscientious about how your food choices impact the health of the planet and farming communities, is key."
196,"Colorado 2. Being at a high altitude just makes things more fun. 1. Because with ""300 days of sunshine,"" 3. Colorado is a beer-lover's happy place. 4. Because, the Rockies."
197,"Claims, which count the number of people who applied for unemployment insurance for the first time since the past week, fell to 234,000. This marks the 101st week straight of claims being below 300,000."
198,It simply couldn't make enough toys to satiate demand in North America
199,"Steven Spielberg promises one big thing for Indiana Jones 5 With the 73-year-old Harrison Ford signed up for Lucasfilm‘s Indiana Jones 5, many fans are wondering/worried that director Steven Spielberg plans to have the same fate of Han Solo in The Force Awakens befall our favorite globe-trotting archaeologist. Well worry no longer, as the legendary filmmaker has told The Hollywood Reporter that he is not only ""super excited"" about the fifth installment but that adventure will still have a name at the end of the movie and that name will be Indiana Jones! ""I think this one is straight down the pike for the fans,"" said Spielberg, who would not reveal plot details, with one exception: ""The one thing I will tell you is I’m not killing off Harrison [Ford] at the end of it."" That’s great news for fans who would likely balk at such an idea, the same way they would be furious if James Bond accidentally slipped in the shower and cracked his skull at the end of a (hypothetical) final 007 movie. Even if this turns out to be the last time Ford puts on the bullwhip and fedora, it doesn’t mean the filmmakers have to have the death-defying character bite the dust. ""The opportunity to work with Steven again on this character which has brought pleasure to so many... Not to mention me,"" Harrison Ford said previously. ""It’s fun, it’s great fun to play this character. It’s great fun to work with Steven, I’m looking forward to it."" Franchise veterans Kathleen Kennedy and Frank Marshall will produce Indiana Jones 5, which will see both Harrison Ford and Steven Spielberg return to the franchise. John Williams is expected to once again provide the music, while screenwriter David Koepp (Indiana Jones and the Kingdom of the Crystal Skull, Jurassic Park) is signed to pen the script. The movie is set for a July 19, 2019 release date."
200,An e-Passport contains an electronic chip.
201,5. Good old monster-infested Hawkins won’t be the only location. 1. The action’s going to pick back up in Fall of 1984. 3. Expect four brand new characters no mention of whether the show’s heartthrob Dr. Brenner lived to melt our hearts another day It will be a continuation of the first season’s story.
202,"""God’s Pocket,"" John Slattery Zach Braff’s new film ""Wish I Was Here."" Ben Affleck God's Pocket"
203,stacks upon stacks of bills
204,"There, he slowed his vehicle in a tree-covered section of the road. As the Honda Accord kept moving, he climbed almost imperceptibly out of the driver’s window."
205,"A 35-year-old man from Bhiwandi who used his four-wheeler to ferry school children, has been arrested for allegedly raping two minor girls for the last six months"
206,Ailish Sheehan
207,Step 3: Reward yourself Step 2: Reflect often Step 4: Enjoy the process Step 1: Start small Our sense of self-worth can be worsened
208,Chicago
209,"Sexual Objectification ""I am here today to talk about a lie."" That's how politics professor Caroline Heldman opened her Jan. 2013 TEDxYouth San Diego talk on the topic of sexual objectification. ""I'd like to talk specifically about the lie, or the idea, that being a sex object is empowering"
210,"Access to prisons has been vastly curtailed. There is no way to know what truly happens inside but to go there. concern over ethics litigation When the news organization applies the skill, time, and funding needed to fully pursue the story. When the harm prevented outweighs any harm caused When the journalist is willing to disclose the reason and nature of any deception."
211,french fry
212,"In February 1990, thanks to a 15-year-old boy named Bruno Kowalsczewski, footsteps echoed through the chambers of Bruniquel Cave for the first time in tens of thousands of years. The cave sits in France’s scenic Aveyron Valley, but its entrance had long been sealed by an ancient rockslide. Kowalsczewski’s father had detected faint wisps of air emerging from the scree, and the boy spent three years clearing away the rubble. He eventually dug out a tight, thirty-meter-long passage that the thinnest members of the local caving club could squeeze through. They found themselves in a large, roomy corridor. There were animal bones and signs of bear activity, but nothing recent. The floor was pockmarked with pools of water. The walls were punctuated by stalactites (the ones that hang down) and stalagmites (the ones that stick up). Some 336 meters into the cave, the caver stumbled across something extraordinary—a vast chamber where several stalagmites had been deliberately broken. Most of the 400 pieces had been arranged into two rings—a large one between 4 and 7 metres across, and a smaller one just 2 metres wide. Others had been propped up against these donuts. Yet others had been stacked into four piles. Traces of fire were everywhere, and there was a mass of burnt bones."
213,"According to Gomez, the reason why she crashed her car, whilst travelling from Cali to the city of Pereira, was because she got distracted by her own ‘erotic thoughts.’ Now that’s not an excuse you hear every day."
214,"Sarah Gailey raised the thing in his hand to eye level, looked right at me, and touched the button My ex raised the thing to eye level, looked at me, and pushed the button. And the thing in his hand sprang open. My relative's foot shavings ERUPTED from within the Ped Egg like an explosion of flesh confetti I once dated a terrible man who was awful &horrible &I shouldn't have dated him."
215,It has to do with the simple truth that 3 is greater than 2.
216,Eatsa
217,"$10,527,843,932"
218,By dialing the secret phone number 1-999-367-3767
219,federal government
220,"The sister of a Palestinian terrorist who plowed his truck into a group of soldiers in Jerusalem on Sunday, killing four and wounding 16, said the family was ""thankful"" for his ""most beautiful martyrdom."""
221,"Yet another report states that Ben doesn’t want a divorce and Jen has denied to friends that they’ve reconciled. The friend also said that Jen doesn’t mind that the divorce hasn’t been finalized, but she still intends on going through with it."
222,Chien Chih-cheng
223,"Police arrested four women in North Carolina for allegedly spraying anti-Trump, anti-police, and ""Black Lives Matter"" graffiti on several businesses and a police car."
224,"Emily Gardner (pictured far right above), from the UK, drowned after becoming trapped under a capsized boat"
225,"Menelik Watson almost $37,000 Oakland Raiders He pulled Ava's father aside and told him he was donating a week's paycheck to the family Watson"
226,"""Feeling This,"""
227,Atkins diet
228,Ana
229,Charles Barkley
230,"built personalized crosses for each victim and then proceeded to drive 1,200 miles to Orlando Health Medical Center where he placed the crosses around the hospital"
231,"Of course, they should be consumed in advance, preferably towards the end of your long, drunken night, in order to be effective. Researchers suggest that Korean pear juice is the most effective, and that the most significant impact it has seen is helping subjects' under the influence increase their concentration levels."
232,"Blake McIver Blake McIver in Los Angeles turned to dancing when business slowed and ""in the process, I found it so liberating and empowering."" came out as gay"
233,"As of Sunday in Illinois, it is now legal to hunt for catfish with pitchforks or spears banned the use of 'sky lanterns'; decorative lighted boxes released into the air at celebrations beer customers are now able to purchase six-packs at local grocery stores, and are able to purchase beverages in any quantity from a beer distributor Spearfishing"
234,"""Son, you go back to study. You’re not going to be a football player. You are Chinese."""
235,4. Justin Bieber
236,"Instead of panicking, the songstress stopped the band and laughed off her mistake declaring: ""S***, wrong words!"""
237,"Caitlyn Cannon ""I need feminism I intend on marrying rich and I can’t do that if my wife and I are making .75 cent for every dollar a man makes."" 18 A gay teenager from California has been hailed a feminist hero after her high school yearbook quote has gone viral."
238,"But what the pit bull/English boxer mix, who belongs to Miles Clark Gray of the Washington Animal Rescue League in D.C., really wanted for Christmas was on the floor -- in the form of a great big belly rub."
239,"Aaron Sorkin’s popular HBO series will be skewered through parody on tonight’s episode of ""Inside Amy Schumer."""
240,"""A right triangle has a hypotenuse equal to 10 and an altitude to the hypotenuse equal to 6. Find the area of the triangle."""
241,"U.K. Prime Minister has said that negotiations with the European Union over the country’s exit will require the engagement of the Scottish, Welsh and Northern Ireland governments. But the vote has exposed polarization between Scotland and large parts of England who voted to stay and other parts of the U.K. Scottish First Minister Nicola Sturgeon said a [...]"
242,"I’ve also found it helpful to create a personal vision for your life. Spend some time thinking about what your ideal day would be like. I keep a ""dream book"" myself, and I’ve filled it with things that are important to me—from building a great tech company that is tackling a hard but important problem to building and maintaining lifelong friendships to checking items off of my travel bucket list. It even includes a picture of a well-landscaped backyard because that’s been on my list of projects to tackle—and trust me, you need vision to see beyond the weeds that are back there today."
243,"Right in that moment of self-pity, he saw a 60-year-old woman sitting alone in her car reading a book. She looked lonely and sad, but things got even more emotional for Conway when he realized she was completely bald."
244,But a new theory has awakened: that Rey is in fact Emperor Palpatine's granddaughter.
245,Lisa Brown
246,"A lot of people also donated, giving those who denounced the challenge as a viral blip with no real power something to think about. With the reported $115 million raised from the Ice Bucket Challenge, the ALS Association funded six research projects, one of which recently published its findings: identification of a new gene that contributes to the disease."
247,"""Venus Holes"" are a sign of good circulation and a healthy body"
248,"No, not paintballing misadventures or love bites - they are the result of a practice known as ""cupping""; an ancient therapy where heated cups are placed on the skin."
249,"Thousands of angry demonstrators have poured onto the streets, protesting against both the local electricity company and the Hamas-run Gaza power authority, demanding an immediate solution."
250,"It depends on how you define ""sleep,"" but trees do relax their branches at night, which might be a sign of snoozing, scientists said."
251,conciliatory
252,Berlin
253,"While the bibimbap, tempura bento, and walnut pie might all be worth breaking and entering for, the real crown jewels of the ADB canteen are the chocolate crinkles baked in-house daily. You hear about them—the cookies in that really strict building. They've become a legend on their own, and out of reach. And just like clockwork, a queue forms every day at mid-afternoon for these hockey pucks from heaven."
254,"In a nutshell: breathe in for four, hold for seven, and breathe out for eight. You must inhale through your nose and exhale through your mouth. The four-count inhale allows chronic under-breathers to take in more oxygen. The seven-count hold gives the oxygen more time to thoroughly permeate the bloodstream, and the eight-count exhale slows the heart rate and releases a greater amount of carbon dioxide from the lungs."
255,A retired police officer who carried a young girl to safety nearly 20 years ago was reunited with her during her college graduation reunites with girl he saved years ago . . Retired detective
256,Who would’ve thought that that little bit of wood may actually be useful? The tab needs to be separated from the chopsticks and then it doubles up as a chopsticks holder.
257,"Is your dresser drawer starting to look like someone ransacked it? Egg cartons and plastic ice cube trays make great organizational tools for jewelry, cuff links and other trinkets, and they'll easily fit inside your drawer."
258,"While members of sports teams — and other male-dominated groups like fraternities and the military — are indeed more likely to commit gang rapes than the average person, there are few conclusive studies to show that athletes are more likely to commit sex crimes. There is some evidence that not all athletes are equally likely to be violent, according to Laura Finley, a sociologist at Barry University. Finley told Wisconsin Public Radio that players of ""power and performance sports"" — football, hockey, wrestling, and basketball — commit violent crimes more often that their peers in sports like swimming or tennis. An analysis of National Football League players by Benjamin Morris at FiveThirtyEight showed that, though the football stars displayed lower levels of domestic and sexual violence than the national average, the rate of domestic violence was still much higher than expected given their income bracket."
259,"""Here’s the thing,"" says Fisch. ""You can increase the size of your penis — visually. The way you can do it is by losing weight."""
260,A good candidate with flaws
261,"You don’t have to stop taking each seed out but instead of throwing them out, use them. Watermelon seeds are packed with nutrients that are beneficial and healthy for you. The small seeds resemble sunflower seeds in look and flavour."
262,Ben Bernanke
263,The Daily Show's Jordan Klepper is getting a late night spinoff series
264,Online ID protection from SaferWeb
265,sleep deprivation is also the cause of an increase in the appetite for salty and sweet treats
266,Feb. 24
267,"In very small amounts (say, a few teaspoons), and if the blood is free from pathogens (such as the many blood-borne diseases), blood might not harm you. Beyond that, watch out. [Circulatory System: Facts, Function & Diseases]"
268,handling their money
269,polymyalgia rheumatica
270,Bottom of 3rd: Indians Get Aggressive
271,Don’t! Just don’t. Let me say this again for good measure: DON’T.
272,"However, I’m not part of the Starbucks cult fan base, as I only visit there at Christmas time for their beyond-belief-fantastic hot chocolate. (The whipped cream is the key.) So check it out. Did you realize the standard Starbucks lid was designed to be used as a drink coaster? Yep! pop ‘er off and there you go. Of course, it should be noted that this applies to other plastic cups beside Starbucks."
273,Make a Contribution
274,"Here's where things get tricky. When Damon asked Prince if he still lived in Minnesota, Prince replied in the most Prince-like fashion imaginable: ""I live inside my own heart, Matt Damon."""
275,"Spike Jonze's ""Her"" made its world premiere at the New York Film Festival on Saturday night, and the Warner Bros. release could factor into the Oscar race like no other film ever before. That's because Scarlett Johansson -- who co-stars with Joaquin Phoenix in the film, but doesn't appear onscreen -- gives such a remarkable performance that she could wind up with an historic Academy Award nomination for Best Supporting Actress."
276,"mutation to a separate, nearby gene called HERC2"
277,"Dawn Grace lost her son four years ago, and now she meets the man who received his heart in a transplant."
278,"This story was originally published on Jun. 6, 2016.Last month, I made the decision to go blond as a way to untether my identity from my hair. I also did it because I was sick of my single status dictating the way I looked.Once I booked the appointment, though, the panic set in. Did I make the right decision? Would my hair fall out? What if I turned into a hideously ugly beast? These fears were further heightened when my original colorist wasn't available for the double-process. At the last minute, I was ushered into the warm and welcoming hands of the team over at Hairstory Studio in New York City — specifically colorist and mega-babe Roxie Darling Roxie put me at ease. ""It will change your life because you will be received so much differently,"" she says. ""People's eyes are naturally drawn to light, and naturally drawn away from darkness."" Basically, I was about to become Daenerys Targaryen. Bring it on.So, on the morning of May 18, I took one last selfie as a brunette, grabbed a coffee, and headed over to Hairstory for my transformation. Ahead, see what the experience of going blond was like. And if you have any questions, please leave them below! I'll be answering them in the comments and in an upcoming story."
279,the seventh inning stretch THE MUSIC The origins of the seventh inning stretch the seventh inning stretch Seventh Inning Stretch
280,"New research was presented at the 249th National Meeting & Exposition of the American Chemical Society, and revealed that adding a teaspoon of coconut oil to boiling water with a half-cup of non-fortified white rice, letting it simmer for 20 to 40 minutes, then refrigerating it for 12 hours may reduce the number of calories your body takes in by 50 to 60 percent."
281,"3. When cats rub their head against you, they’re marking you as one of their own with the concentrated scent glands in their cheeks and head. Congratulations, you’re family."
282,"One example is the spy camera. Hidden inside a wall hook is a tiny camera that records people in the bathroom, hotel rooms, and change rooms. Women in particular have been recorded while in the shower or changing without their knowing."
283,"Hamilton Island on Australia's Great Barrier Reef Nora Roberts Casa Elizabeth travel in private planes, sail on sleek yachts, stay in expensive villas Katy Perry"
284,"Where Opportunity Knox Louisville, Kentucky Where Opportunity Knox veterans re-integration program Where Opportunity Knox"
285,"The network falsely quoted Trump as saying ""racial profiling"" when the candidate said that police should utilize ""profiling"" in an effort to combat terrorism."
286,"""Men’s shirts have more room, so it’s easier to slip them off over your head; women don’t have that option,"" he posits in the video above. ""I think it’s that men aren’t as flexible and can’t, maybe, get their arms around like that."""
287,"But as of Sunday’s finale, the Stark sigil was back in its rightful place. It was a subtle change but a big moment for the show because of how important ""Battle of the Bastards"" was. Fans were understandably pumped about the change; all seems right in the Game of Thrones universe—at least for now."
288,lime green
289,Aaron Judge
290,"Thiruvananthapuram, India Vadodara Thiruvananthapuram has a rating of 19.83. 445. Chandigarh, India: 25.93 446. Ahmedabad, India: 25.86 448. Surat, India: 25.85 449."
291,foods dense in fat and glycemic load
292,4. Belize 3. Thailand 5. Panama 1. Ecuador 2. Nicaragua
293,"Experts still don’t fully understand why not getting enough sleep is connected to all of these conditions, but new research published this month adds one piece to the puzzle: Not getting enough sleep may cause changes to gut bacteria that could fundamentally change our metabolism, affecting a host of bodily systems."
294,"Beast is highly educated, boasting about his expensive education while quoting Shakespeare and critiquing Belle’s admiration for ""Romeo and Juliet."" Lyrics to one of the movie’s most popular songs, ""Gaston,"" sounded a little different than the original There were many plot twists and updates that gave the newly released ""Beauty and Beast"" a completely different feel from the original Not cool, Gaston (Luke Evans). The Beast is anything but bored with the books and agrees with Belle that his huge library really is wonderful."
295,"Miley Cyrus may have stripped down to her unmentionables for the music video to her latest single, ""Adore You,"" but now the track is getting exposed in an entirely different way: with an acoustic version. A cut off of her fourth studio album, ""BANGERZ,"" ""Adore You"" follows the 21-year-old singer's hit singles, ""We Can't Stop"" and ""Wrecking Ball."" This isn't the first time Cyrus has experimented with an acoustic sound. She recently recorded an acoustic take on Lana Del Rey's ""Summertime Sadness,"" and previously did similar versions of her own songs. Take a listen to ""Adore You (Acoustic)"" below."
296,morality
297,"TV show titles rarely bring viewers into the tent, but they can keep them out helped define the identity of an entire TV network for the short but memorable existence of the WB The idea of changing culture is important to me, and it can only be done in a popular medium Buffy is (by our rankings, anyway) one of the best TV shows ever set in high school it captured the exact spirit of what he was planning to make."
298,"The company wants you to change your last name to ""burger."""
299,Hot dogs
300,"Peter Facinelli Breaking Bad."" 'Breaking Bad I seriously don’t remember! Is it okay to recline your seat on an airplane?"
301,Chris Pratt
302,Diagnostic medical sonographer compliance officer Diagnostic medical sonographer audiologist and tenured professor Operations research analyst
303,Lawyer Media (TV and radio) Salesperson Surgeon Journalist Police officer Clergyperson Chef Civil servant CEO going into certain professions Care aide Nurse Therapist Craftsperson Beautician or stylist Charity worker Teacher Creative artist Doctor Accountant
304,rosemary
305,"I think the way it worked when I took them was that they were out of 1,600, so maybe you'd get a 1,240 if you were a smarty-pants. I got a 1,080, which was pretty low. But that was probably because I didn't answer half of the math questions."
306,Google
307,4. GINGER 5. GARLIC 3. BLACK PEPPER 2. WHOLE GRAINS AND VEGETABLES 1. CHILI PEPPERS
308,Intrepid
309,right after you wake up
310,UCLA
311,It comes from people who think they’re doing good.
312,‘capture the pigeon’ mode
313,"In a hilarious scene, Priyanka is seen calling out to Zac Efron as ""Easy Britney"" but when it is translated in Hindi, PC can be heard saying, ""Chal Na Katrina"" which is the best part about the trailer and has actually won many hearts."
314,February 24
315,seven hours
316,"So, how did Swift stumble upon the Canadian indie rock sister act in the first place? By watching the trailer for ""G.B.F."""
317,Muncie Animal Shelter
318,pussy
319,"Thursday on Fox News Channel’s ""Fox & Friends,"" House Speaker Paul Ryan explained that President Donald Trump already has the authorization to build a wall on the U.S.-Mexico border. But he added Congress also be giving him the funding to build the wall as well."
320,"In addition to constantly demonizing Iran, Hillary Clinton is always looking for ways of imposing new economic sanctions on Iran to carry favor with the pro-Israel lobby and its rich donors. For example, it is well known that Iranian hardliners were, and still are opposed to the nuclear agreement with P5+1, just as the neocons and the extreme right in the United States opposed it and still do. So, the Iranian hardliners have tried to demonstrate their unhappiness with the nuclear accord, and one way of doing so, in addition to creating other problems for the Rouhani administration, has been testing ballistic missiles. The missiles are purely defensive weapons meant to deter Israel and the tests, unlike what the opposition to the nuclear accord in the United States claims, do not violate UN Security Council Resolution 2231 that was issued after the nuclear accord to endorse it. Despite these glaring facts, after the missile tests, Mrs. Clinton quickly called for new sanctions against Iran."
321,Lawrence Phillips
322,Barcelona apartment
323,Nick Johnson
324,"He handed her a plate of food and bottles of water for her family only payment the older man wanted was for me to never give up and keep being an amazing mom,"" Tawny Nelson set up a payment plan car broke down at night in the pouring rain"
325,"Solar energy Energy of the future will also be more reliable and secure localized, renewable energy community gardens of solar panels you’re not going to have single points of weakness on the system where terrorists can disrupt our access to electricity."
326,"Can a woman get pregnant when she is already pregnant? In other words, can she have two foetuses in her uterus at different stages of development?"
327,Colin Quinn
328,"To successfully engage with the medium, therefore, publishers should harness these unique features that have made messaging powerful Chatbots Before monetizing it, publishers need to test the medium itself focus on them as new distribution points for content that’s already been created publishers and advertisers will likely explore this area cautiously, so we will hopefully see more intuitive exercises in commercialization using this new medium"
329,fossil
330,"$1,175"
331,1. Lunch Boxes 5. Comic Books 4. Commemorative Plates 2. Beanie Babies 3. Baseball Cards
332,"(AP) – The evacuation of civilians and opposition fighters from eastern Aleppo have been suspended after rebels opened fire on a convoy at one of the crossing points of the rebel-held enclave, according to Syrian state TV."
333,"At first the farmer thought he had uncovered a house, but no, it was so much more. The farmer had uncovered the lost and hidden city of Skara Brae."
334,The Jump Sir Bradley Wiggins Sir Bradley Wiggins Lydia Bright and Louis Smith The Jump
335,"The Surprising Thing You Never Have To Do In Watch Dogs 2 By Dirk Libbey There's a lot to do inside the San Francisco of Watch Dogs 2. However, just because you can do something, doesn't mean you have to. The development team wants players of the new game to be abler to make their own decision as to how to play the game. This has apparently worked out so well that there's one major mechanic in the game you don't ever need to touch. I had a chance to sit down with both Watch Dogs 2 as well as the game's creative director where I learned that it's possible to beat Watch Dogs 2 without ever firing a gun. Something interesting is our LV Director, he finished the game without using the shooting mechanic...He used takedowns because sometimes in stealth you have to use them, but he never shot anyone. This is kind of our goal. You don't have to kill people and you don't have to shoot. Can we achieve that? Sometimes it's very difficult in a certain context, but we did it, so I'm super proud of that actually. The great appeal of open world games is that they're supposed to give you a variety of ways to attack any objective. However, quite often those same games tend to push you down a particular path, so one game mechanic is important in one mission and another is the focus later on. Ubisoft has tried to design Watch Dogs 2 so that players have more control. Jonathan Morin, the Creative Director of Watch Dogs 2 told me that while playing the game without guns isn't easy, it is possible. Instead, there are greater opportunities for using hacking in order to reach your goal. Every hackable object can be hacked in different ways, rather than just one, meaning that you have more control over how your environment reacts to you. The addition of rovers and drones also means that the player can get access to more areas without actually having to step foot in a place where you might be spotted. As a fan of the hacking aspect of the original Watch Dogs but not so much the Grand Theft Auto style gunplay, this more wide open world sounds much more interesting. I found myself far too often needing to fight off waves of enemies with a gun in the first game when I would much rather stun them with a hackable object before they even knew I was there. While my hands-on time with Watch Dogs 2 was limited, I can say I also never used a gun. Christopher Morin told me to ""think like a hacker"" while playing Watch Dogs 2, to consider how you can use the systems to solve the problems that you're dealing with. It gives the impression that the hacking aspect of the game has been set up more like a puzzle where the player will need to figure out how to hack the different parts of the game in order to solve it. However, the most important part of making that work is that you have to believe there is a solution. Based on the fact that you can apparently beat the game using only hacks and takedowns, it would appear the solution is possible. Will you try to beat Watch Dogs 2 without using a gun? Let us know your play style in the comments below. Blended From Around The Web Comments Facebook"
336,"If Elliott can give this offense what DeMarco Murray provided in 2014, I can see Romo playing all 16 games. Gosselin : The goal certainly is for him to play 16 games. Gosselin : The most important position on the field is quarterback. the less Romo throws he's 36 this season, not 26."
337,Pikaqiu
338,"Whitney Thompson Of 'Top Model' Fame Lands Plus-Size Lingerie Campaign (PHOTOS) ""America's Next Top Model"" winner Whitney Thompson is back in the spotlight! The plus-size stunner is shilling sexy lingerie for Britain's Panache Lingerie's new Sculptresse line"
339,Scientists have formulated a mathematical equation to project the mammoth effect homo sapiens are having on the planet and causing irreversible damage to the environment.
340,"Virtually every film in modern memory ends with some variation of the same disclaimer: ""This is a work of fiction. Any similarity to actual persons, living or dead, or actual events, is purely coincidental."" The cut-and-paste legal rider must be the most boring thing in every movie that features it. Who knew its origins were so lurid?"
341,"To be fair, there aren’t any videos of cats seeing a cucumber from a distance and then walking up to interrogate it, so perhaps it’s the unexpected sight of a cucumber behind them that’s frightening, not the cucumber itself: An unexpected pineapple would likely be just as jarring. As it turns out, Dr. Roger Mugford, a specialist in animal behavior, told the Telegraph: ""I think that the reaction is due to the novelty and unexpectedness of finding an unusual object secretly placed whilst their heads were down in the food bowl."""
342,"A sample of 89 women who usually drank diet beverages, with BMIs of 27-40 (slightly to moderately overweight), were parsed into two groups: those who would continue to drink diet beverages after eating their lunch and those who would replace their diet drinks with water. They did so five times per week for 24 weeks."
343,"The reason is Hanks, who gives the type of performance everyone has wanted to see from Tom Hanks since the early 2000s. His Richard Phillips is not the most emotional of men: an opening scene with his wife (played very briefly but beautifully by Catherine Keener) establishes him as the kind of thoughtful, quiet type who one can assume watches the History Channel and likes Tommy Lee Jones movies. Yet as Greengrass keeps turning the screws on Phillips and his situation, that cool demeanor begins to crack, shatter and, later, turn to dust. Hanks is put through the ringer -- Greengrass' closed-quarters camera work keeps in him the action even as things get impossibly physical -- and the results are breathtaking. Like the best acting, Hanks' performance actually feels real. By the end of the film, it's hard to tell where Hanks ends and Phillips begins."
344,"It looks like it's all going to end in complete disaster but just as the big cat goes to pounce, the man spins around and starts laughing and playing with him like they're bezzie mates."
345,a rag
346,"Blue Lives Matter is a movement that counters BLM by encouraging citizens to support police officers that put their lives on the line every single day for citizens across the country. Police officers are here to protect citizens and will do so regardless of color, as long as you cooperate and obey the law."
347,"Evidence from more than 6,600 rape kits that went untested for years in Houston have turned up 850 hits in the FBI's nationwide database of DNA profiles"
348,"On the plain white box was a card that read, ""Do not open until your 1st disagreement."""
349,"You see, if you swipe a chip card instead of inserting it into slot, the merchant is responsible for covering any fraudulent charges — not the bank. And some retailers aren't in a financial position to cover major security breaches, like that corner store you picked up a gallon of milk from in a pinch. That means you get stuck covering the snafu, according to Adam Levin, founder of Identity Theft 911 and author of Swiped."
350,Elle
351,"A few years ago, one of McQueen's students wore his jeans for 15 months straight without a single wash and then tested the level of bacteria on them. The student-teacher team was surprised to find that the unwashed jeans carried nearly the same amount of bacteria as those same pants after they had been washed and then worn for another 13 days."
352,"Many tweeters noticed some strange behavior on Trump’s part; in addition to his seeming inability to control the volume of his speech, the man couldn’t stop sniffling (see the supercut below)."
353,"coconut oil with a pinch of turmeric turmeric to create a paste if you get into the habit of doing this a few times a week, it will—like white strips—work gradually over time. coconut oil—works similarly to wash out stains."
354,"Why? It’s chock-full of nutrients and electrolytes like potassium, which not only keep you hydrated but also take longer for your body to process so you buy some time between bathroom breaks. Just sip on one percent or skim if you’re worried about the cals."
355,Megan Dixon
356,Chris Crocker
357,"Men are more likely to have a heart attack after a snowfall, and it's probably from the exertion of shoveling snow, Canadian researchers reported Monday."
358,"little Aubrey wrapped in motorcycle gloves, next to a colorful, shiny motorcycle helmet"
359,Ranch BLT with either grilled or crispy chicken
360,Minnesota
361,"""If you are dropping off your son’s forgotten lunch, books, homework, equipment, etc., please TURN AROUND and exit the building,"" the sign read. ""Your son will learn to problem-solve in your absence."""
362,"If anyone's having #SmashBros lag online, apparently it gets better if you plug in the charger while playing. — It was me, Milu! (@miluette) October 6, 2014"
363,"Two women asked another woman for directions, hugged her, and ended up stealing her jewelry in a move straight out of a Jonathan Swift tale."
364,Cecily Strong
365,"5. But no glasses 4. You know exactly what you like to drink 1. When it comes to food, you won’t just eat any old thing. 2. Because you’re partial to fancy hipster foods, like expensive artisanal bread. 3. However, you’ll happily skimp on other items to afford your luxurious foodie lifestyle."
366,Arizona
367,"Well, there’s a reason your airplane seat is woefully misaligned with the windows. And it has everything to do with the airline greed."
368,"closer to Springfield, Oregon"
369,"Finally, after several weeks of trying to trap Norah, they succeeded. They realized she looked a lot thinner than usual, and were shocked to learn that Norah had been pregnant! Just a few days before her rescue, Norah had given birth to nine tiny puppies! She’d been hiding them in the courtyard of a nearby church, safe inside the shrubs and bushes. That’s right – of all the nearby places, Norah and her pups took refuge at the United House of Prayer."
370,"Speaking to Gamespot, Sony confirmed that the company was not against cross-console support and open to the idea of allowing PlayStation 4 players to play online against other consoles. However, it was smart enough not to confirm a deal with Microsoft yet."
371,"Couldn’t Superman have used his X-ray vision to see what was in the Dark Knight’s canisters? Well, as pointed out by an eagle-eyed viewer (via Screen Rant ), the canisters Bruce Wayne/Batman used have ""Pb"" — the abbreviation for lead in the Periodic Table of Elements — etched on them."
372,"There's nothing quite like going to the washroom and taking a pee. For some reason, it seems to feel like the most amazing thing ever. You're just going with the flow and cleansing yourself of all that extra water, lightening yourself up, and hitting a whole new level of relaxation. If you're anything like me, however, you experience a weird phenomenon that scientists refer to as ""post-micturition convulsion syndrome."" What could I possibly be talking about?"
373,Panic panic panic panic panic. NASA has just confirmed that a gargantuan mile-long asteroid is heading towards Earth and will brush past us in just a matter of hours.
374,"""Where do you see yourself in five years?"" Do you have any questions for me?"" Becca Brown ""I like this question — and yet no one ever asked it — because it's difficult to answer,"" she says. if ever a candidate were to ask this question, it would have stood out."""
375,"""Dumb British blond fucks 15 million people at once."""
376,Pat Patterson
377,"""bullshitting."""
378,Yvette Nicole Brown
379,Florida Florida California Texas New York (four).
380,"During a Q&A on Twitter, J.K. Rowling made a surprising revelation about Rubeus Hagrid, one of the best-loved characters from the Harry Potter series. When a fan asked Rowling what form Hagrid's Patronus would take – a great question, considering Hagrid's unusual taste in pets – she replied : ""Hagrid couldn't produce a Patronus. It's a very difficult spell."""
381,Perhaps the most shocking result so far is in Missouri. Democrat Jason Kander looks to be running very strongly in the exit polls. That would be a huge pickup for Democrats.
382,"5.4 minutes 33 seconds to 44 minutes 3.7 minutes no one ""normal"" amount of time to have sex. The average time for each couple (that is, averaged across all the times they had sex"
383,"During a briefing in the White House on cybersecurity, Trump introduced the man he's chosen to fight the War on Hacking: former New York City Mayor Rudy Giuliani."
384,"monoclonal antibody Scientists showed that GOD was due to several biological mechanisms that people had not realised could happen clonal selection theory – says that there were billions of different antibodies, each with a different shape. rearrangement of chunks of DNA in chromosomes, and deliberate mutation of DNA sequences When a foreign invader, such as bacteria, enters the body, only one B cell will recognise it."
385,BOOM – Portugal Meadows in the Mountains – Bulgaria Burning Man - Black Rock Desert Envision - Costa Rica Nowhere – Spain
386,white pepper
387,prostate and anal play
388,"Banking on bad movies Page Six reported that a source said there were ""bowls and bowls filled with cigarettes, and everyone smoked the whole night,"" The Mary-Kate - Heath Ledger connection Mary-Kate looks...different Mary-Kate's Kool wedding"
389,Rotom key ring Vanilluxe Voltorb Garbodor
390,"""I don’t pretend to be an ordinary housewife. I am not and couldn’t be,"" so if the person you’re with doesn’t think you’re young or pretty enough, tell them to get lost ""Pour yourself a drink, put on some lipstick, and pull yourself together."" there are plenty of fish in the sea When it came to love, Liz was insatiable"
391,Hillary Clinton
392,"bunch of crack cocain ready to be sold Just an ordinary reusable grocery bag right Dan Bell When he reached the top, he caught sight of something that just didn’t seem to fit with the rest of his surroundings apartment complex"
393,"China would like to have fewer people working the jobs where they're making the things that it seems the world has entirely too much of. Arguing against a shift to service-led growth China is too quick to rebalance its services sector So what Gibson would like is for China to slow its production and wind the steel industry down. China needs to ""rebalance"" its economy"
394,"According to the vet, the plant the dog was chewing on was deadly water hemlock. In July, the plant thrives in wetlands, marshes and river banks across America, blooming with tiny clusters of white flowers. A few bites of the plant can kill a large dog in less than two hours."
395,"The video below shows the stunned cleaner initially refusing to accept the tip, before another hotel worker reassured her by saying, ""You deserve it."""
396,Christopher Suprun
397,"Rachel Crawley High fat vegan plant based diet Rachel Crawley After experimenting with taking certain foods out of her diet, she found that sugar and carbs So apparently acne sufferers skin cells take slower to age = less wrinkles and younger looking skin!"
398,"WikiLeaks’ Julian Assange Isn’t Dead, Just Offline"
399,Richard Belzer
